/*
 Navicat MySQL Data Transfer

 Source Server         : 123.206.60.143
 Source Server Version : 50621
 Source Host           : 123.206.60.143
 Source Database       : jieru

 Target Server Version : 50621
 File Encoding         : utf-8

 Date: 10/25/2016 14:48:34 PM
*/

SET NAMES utf8;
SET FOREIGN_KEY_CHECKS = 0;

-- ----------------------------
--  Table structure for `zx_admin`
-- ----------------------------
DROP TABLE IF EXISTS `zx_admin`;
CREATE TABLE `zx_admin` (
  `id` int(11) unsigned NOT NULL AUTO_INCREMENT,
  `adminname` varchar(50) DEFAULT NULL COMMENT '用户名',
  `password` varchar(32) DEFAULT NULL COMMENT '密码',
  `groupid` int(11) DEFAULT NULL COMMENT '分组id',
  `penname` varchar(50) DEFAULT NULL COMMENT '笔名(用于发布内容处的作者)',
  `logincount` int(11) DEFAULT '0' COMMENT '登陆次数',
  `islock` tinyint(2) DEFAULT '1' COMMENT '状态：1正常0锁死',
  `lastlogintime` int(11) DEFAULT NULL COMMENT '最后登陆时间',
  `lastloginip` varchar(50) DEFAULT NULL COMMENT '最后登陆ip',
  `openid` int(11) DEFAULT NULL,
  PRIMARY KEY (`id`)
) ENGINE=InnoDB AUTO_INCREMENT=3 DEFAULT CHARSET=utf8 COMMENT='管理员';

-- ----------------------------
--  Records of `zx_admin`
-- ----------------------------
BEGIN;
INSERT INTO `zx_admin` VALUES ('1', 'admin', 'e10adc3949ba59abbe56e057f20f883e', '1', '', '30', '1', '1471436679', '223.81.198.90', '0'), ('2', 'admin1', 'e10adc3949ba59abbe56e057f20f883e', '2', '', '4', '1', '1470369278', '112.253.25.234', null);
COMMIT;

-- ----------------------------
--  Table structure for `zx_admin_group`
-- ----------------------------
DROP TABLE IF EXISTS `zx_admin_group`;
CREATE TABLE `zx_admin_group` (
  `id` int(11) unsigned NOT NULL AUTO_INCREMENT,
  `groupname` varchar(50) DEFAULT NULL COMMENT '角色名称',
  `groupdesc` varchar(255) DEFAULT NULL COMMENT '角色描述',
  `pagelever` varchar(100) DEFAULT NULL COMMENT '页面权限',
  `catearray` varchar(100) DEFAULT NULL COMMENT '栏目选择',
  `catelever` varchar(100) DEFAULT NULL COMMENT ' 栏目权限',
  `createdate` int(11) DEFAULT NULL COMMENT '创建时间',
  PRIMARY KEY (`id`)
) ENGINE=InnoDB AUTO_INCREMENT=3 DEFAULT CHARSET=utf8 COMMENT='角色分组';

-- ----------------------------
--  Records of `zx_admin_group`
-- ----------------------------
BEGIN;
INSERT INTO `zx_admin_group` VALUES ('1', '超级管理员', '', '1,2,3,4,5,8,9,10,11,15,16,17,19,18,32,21,24,33,34,35,42,46,50,51', '', '', '1111111111'), ('2', '二级管理员', '', '1,2,3,5,9,10,11,15,16,17,18,19,21,32,50,51,33,34', null, null, '1470358487');
COMMIT;

-- ----------------------------
--  Table structure for `zx_admin_menu`
-- ----------------------------
DROP TABLE IF EXISTS `zx_admin_menu`;
CREATE TABLE `zx_admin_menu` (
  `id` int(11) unsigned NOT NULL AUTO_INCREMENT,
  `title` varchar(50) DEFAULT NULL COMMENT '标题',
  `url` varchar(50) DEFAULT NULL,
  `pid` int(11) DEFAULT NULL,
  `menuid` int(11) DEFAULT NULL,
  `ordnum` int(4) DEFAULT NULL COMMENT '排序',
  `islock` tinyint(2) DEFAULT '1' COMMENT '状态1正常0锁定',
  PRIMARY KEY (`id`)
) ENGINE=InnoDB AUTO_INCREMENT=52 DEFAULT CHARSET=utf8 COMMENT='菜单、权限列表';

-- ----------------------------
--  Records of `zx_admin_menu`
-- ----------------------------
BEGIN;
INSERT INTO `zx_admin_menu` VALUES ('1', '设置', '', '0', '1', '1', '0'), ('2', '栏目', '', '0', '2', '2', '1'), ('3', '内容', '', '0', '3', '3', '1'), ('4', '会员', null, '0', '4', '4', '0'), ('5', '扩展', '', '0', '5', '6', '1'), ('8', '生成', '', '0', '8', '9', '0'), ('9', '站点设置', 'Setting/index', '1', '9', '1', '1'), ('10', '优化设置', 'Setting/seoSetting', '1', '10', '3', '1'), ('11', '上传设置', 'Setting/uploadSetting', '1', '11', '4', '1'), ('15', '生成设置', 'Setting/htmlSetting', '1', '15', '6', '1'), ('16', '管理员管理', 'Setting/adminList', '1', '16', '7', '1'), ('17', '角色管理', 'Setting/groupList', '1', '17', '8', '1'), ('18', '模型管理', 'Model/index', '2', '18', '2', '1'), ('19', '栏目管理', 'Category/index', '2', '19', '1', '1'), ('20', '投稿管理', '', '3', '20', '4', '0'), ('21', '回收站', 'Content/recycle', '3', '21', '4', '1'), ('22', '会员设置', '', '4', '22', '1', '0'), ('23', '会员组管理', '', '4', '23', '2', '0'), ('24', '会员管理', 'Member/Index', '4', '24', '3', '0'), ('25', '财务管理', '', '4', '25', '4', '0'), ('26', '积分策略', '', '4', '26', '5', '0'), ('27', '积分管理', '', '4', '27', '6', '0'), ('28', '消息管理', '', '4', '28', '7', '0'), ('32', '区块管理', 'Block/index', '3', '32', '2', '1'), ('33', '友情链接', 'Expand/Link', '5', '33', '1', '1'), ('34', '留言管理', 'Book/Index', '5', '34', '2', '0'), ('35', '评论管理', 'Comment/Index', '5', '35', '3', '0'), ('42', '生成首页', 'Create/index', '8', '42', '1', '0'), ('43', '生成栏目', '', '8', '43', '2', '0'), ('44', '生成内容', '', '8', '44', '3', '0'), ('45', '生成地图', '', '8', '45', '4', '0'), ('46', '一键生成', 'Create/all', '8', '46', '5', '1'), ('47', '快捷登录', '', '4', '47', '8', '0'), ('48', '充值接口', '', '4', '48', '9', '0'), ('49', '表单管理', '', '2', '49', '3', '0'), ('50', '内容列表', 'Content/index', '3', '50', '1', '1'), ('51', '素材管理', 'Attachment/index', '3', '51', '3', '1');
COMMIT;

-- ----------------------------
--  Table structure for `zx_attachment`
-- ----------------------------
DROP TABLE IF EXISTS `zx_attachment`;
CREATE TABLE `zx_attachment` (
  `id` int(11) unsigned NOT NULL AUTO_INCREMENT,
  `type` tinyint(2) DEFAULT NULL COMMENT '文件类型1图片2视频3文件',
  `path` varchar(50) DEFAULT NULL COMMENT '保存路径',
  `fileext` varchar(5) DEFAULT NULL COMMENT '文件后缀',
  `name` varchar(255) DEFAULT NULL COMMENT '文件原名称',
  `url` varchar(100) DEFAULT NULL,
  `time` int(11) DEFAULT NULL COMMENT '上传时间',
  `md5` varchar(32) DEFAULT NULL,
  `sha1` varchar(40) DEFAULT NULL,
  PRIMARY KEY (`id`)
) ENGINE=InnoDB AUTO_INCREMENT=15 DEFAULT CHARSET=utf8 COMMENT='上传文件';

-- ----------------------------
--  Records of `zx_attachment`
-- ----------------------------
BEGIN;
INSERT INTO `zx_attachment` VALUES ('1', '1', '/Uploads/2016-08-05/2016080509021074975.jpg', 'jpg', null, null, '1470358930', 'b061ea8eb23d2df51c0f119fcd199329', '9e25956a133dd672fd17d4f30a9e71d7109b7999'), ('2', '1', '/Uploads/2016-08-09/2016080909132314416.png', 'png', null, null, '1470705203', '668a2b26a168b4eeb87879ac37e82a22', 'b50f6075ab1a04302b174be34e2bfab67269c393'), ('3', '1', '/Uploads/2016-08-10/2016081011453286849.jpg', 'jpg', null, null, '1470800732', '4af29f1a16777919e821850b3f849760', '681b170aa4e2c7ff73fe817c3f189061e0358c89'), ('5', '1', '/Uploads/2016-08-10/2016081011474683946.png', 'png', null, null, '1470800866', 'b55073b61144504f9b9b551816381b4b', '2efd9194a8c2a9f2042ad43b9f6b7aec39f1c555'), ('6', '1', '/Uploads/2016-08-10/2016081014520864821.png', 'png', null, null, '1470811928', '5d625abd91a6bc5058682aa829bc1882', 'c5e2078ac310363f676688b1a972e837a809299b'), ('7', '1', '/Uploads/2016-08-10/2016081014524864808.png', 'png', null, null, '1470811968', '599096a590c1b81826e78e99ae746e96', '7dc3cc2aac8b67b5cbb5109f03cc43004e8668e5'), ('8', '1', '/Uploads/2016-08-10/2016081014532885014.png', 'png', null, null, '1470812008', '86b4badf96c63a220f5e6f041edc6eac', '1592570c4e6151d936a114a6749d6e177e2c4554'), ('9', '1', '/Uploads/2016-08-10/2016081014540053003.png', 'png', null, null, '1470812040', '56f4f6510698d13406b541035fa2417a', '3da46419a6ef63b1f98a64f24736644bb5a8f313'), ('10', '3', '/Uploads/2016-08-10/2016081015331816363.doc', 'doc', '山东省脑血管病防治协会入会申请表.doc', null, '1470814398', '278a8ce623c76625751886ef24d5a989', '27f0892e26f1ef0a6f793c069ef057a6a65259da'), ('11', '3', '/Uploads/2016-08-10/2016081015360410532.doc', 'doc', '山东省脑血管病防治协会第一次次会员代表大会参会代表回执.doc', null, '1470814564', '22ace830dac851cc9ac4f3e3207373ff', 'fe55668502921d7f31913ddb54c8c826a94388b8'), ('12', '3', '/Uploads/2016-08-10/2016081015370934373.doc', 'doc', '介入一般用药.doc', null, '1470814630', 'f8b84005825850ce2610b13411d799c3', '8bec577c8fa6bf5d1e0a43e2f38d1176468f7d63'), ('13', '1', '/Uploads/2016-08-10/2016081015441472286.png', 'png', 'new_1.png', null, '1470815054', '17715e34d16b6e1fcede8c93dd75da88', 'c23625a93730907dda35787c2b3202af607d2d2f'), ('14', '1', '/Uploads/2016-08-15/2016081511141813031.png', 'png', 'banner_1.png', null, '1471230858', '00688add79e474023e580fa1e2b98665', '8e4bf8cc48ca7846de59f0a674a4d4085e8e474b');
COMMIT;

-- ----------------------------
--  Table structure for `zx_block`
-- ----------------------------
DROP TABLE IF EXISTS `zx_block`;
CREATE TABLE `zx_block` (
  `id` int(11) NOT NULL AUTO_INCREMENT,
  `name` varchar(20) DEFAULT NULL COMMENT '区块名称',
  `desc` varchar(100) DEFAULT NULL COMMENT '区块说明',
  `content` text COMMENT '区块内容',
  `createtime` int(11) DEFAULT NULL,
  `updatetime` int(11) DEFAULT NULL,
  PRIMARY KEY (`id`)
) ENGINE=InnoDB AUTO_INCREMENT=3 DEFAULT CHARSET=utf8 COMMENT='区块表';

-- ----------------------------
--  Records of `zx_block`
-- ----------------------------
BEGIN;
INSERT INTO `zx_block` VALUES ('1', 'contact', '联系方式', '<p>山东营赢信息技术有限公司</p>联系人：张先生<br />电　话：0536-8101392<br />手　机：15650255351<br />邮　箱：wfzhangmingming@winbywin.com<br />地　址：潍坊市胜利西街136号金艺大厦7F', '1458791815', '1458791815'), ('2', 'about', '关于我们', '山东营赢信息技术有限公司[3] 是一家专业从事移动互联网营销平台的企业，专注于为广大企业提供移动营销渠道，帮助企业实现O2O，移动电商，轻应用等多层面开发。目前，解决方案和服务已经应用于多家中小企业，信息惠及到广泛的移动端用户。 自2013年11月发展至今，营赢的产品研发团队中拥有多位行业尖端技术工程师， 技术骨干在阿里和百度等知名企业研究iOS系统和Android系统多年。 营赢建站包含了手机网站、PC网站建设、微网站建设。公司拥有一站式建站系统，帮助客户搭建企业各类网站平台，并提供建前指导、建后维护。', '1458791821', '1458791821');
COMMIT;

-- ----------------------------
--  Table structure for `zx_category`
-- ----------------------------
DROP TABLE IF EXISTS `zx_category`;
CREATE TABLE `zx_category` (
  `id` int(11) unsigned NOT NULL AUTO_INCREMENT,
  `pid` int(11) DEFAULT NULL COMMENT '父id',
  `catename` varchar(255) DEFAULT NULL COMMENT '栏目名称',
  `catedir` varchar(255) DEFAULT NULL COMMENT '英文目录',
  `sonid` varchar(255) DEFAULT NULL COMMENT '所有子孙id',
  `ordnum` int(11) DEFAULT '0' COMMENT '排序',
  `ismenu` tinyint(2) DEFAULT '0' COMMENT '属性设置是否导航显示1是0否',
  `catepicid` int(11) DEFAULT NULL COMMENT '栏目图片',
  `seotitle` varchar(255) DEFAULT NULL COMMENT '优化标题',
  `catekey` varchar(255) DEFAULT NULL COMMENT 'HTML头部的Meta关键字',
  `catedesc` varchar(255) DEFAULT NULL COMMENT 'HTML头部的Meta站点描述信息',
  `cateurl` varchar(255) DEFAULT NULL COMMENT '链接地址(外部链接)',
  `modelid` int(11) DEFAULT '-1' COMMENT '模型id',
  `pagenum` int(11) DEFAULT NULL COMMENT '分页',
  `cate_list` varchar(100) DEFAULT NULL COMMENT '列表模板',
  `cate_show` varchar(100) DEFAULT NULL COMMENT '内容模板',
  `urlrule` varchar(20) DEFAULT NULL COMMENT '内容页规则(静态模式下使用)',
  `domain` varchar(255) DEFAULT NULL,
  `allowpost` varchar(255) DEFAULT NULL,
  PRIMARY KEY (`id`)
) ENGINE=InnoDB AUTO_INCREMENT=16 DEFAULT CHARSET=utf8 COMMENT='栏目表';

-- ----------------------------
--  Records of `zx_category`
-- ----------------------------
BEGIN;
INSERT INTO `zx_category` VALUES ('1', '0', '协会概况', 'xiehuigaikuang', '', '0', '1', '0', '', '', '', '', '-1', null, null, '', null, null, null), ('2', '0', '新闻资讯', 'xinwenzixun', '', '0', '1', '0', '', '', '', '', '1', '20', '', '', '', null, null), ('3', '0', '会员介绍', 'huiyuanjieshao', null, '0', '1', '0', '', '', '', null, '1', '20', 'news/huiyuanlist.html', 'news/huiyuaninfo.html', 'id', null, null), ('4', '0', '科普知识', 'kepuzhishi', null, '0', '1', '0', '', '', '', null, '1', '20', '', '', 'id', null, null), ('5', '0', '下载中心', 'xiazaizhongxin', null, '0', '1', '0', '', '', '', null, '5', '20', '', '', 'id', null, null), ('11', '0', '轮播展示', 'lunbozhanshi', null, '0', '0', '0', '', '', '', null, '1', '20', '', '', 'id', null, null), ('15', '0', '通知公告', 'tongzhigonggao', null, '0', '0', '0', '', '', '', null, '1', '20', '', '', 'id', null, null);
COMMIT;

-- ----------------------------
--  Table structure for `zx_config`
-- ----------------------------
DROP TABLE IF EXISTS `zx_config`;
CREATE TABLE `zx_config` (
  `setname` varchar(30) DEFAULT NULL,
  `setkey` varchar(30) DEFAULT NULL,
  `setvalue` varchar(255) DEFAULT NULL
) ENGINE=InnoDB DEFAULT CHARSET=utf8 COMMENT='配置';

-- ----------------------------
--  Records of `zx_config`
-- ----------------------------
BEGIN;
INSERT INTO `zx_config` VALUES ('site', 'webname', '山东脑血管病防治协会'), ('site', 'webmode', '0'), ('site', 'isgzip', '1'), ('site', 'iscache', '0'), ('site', 'cachedate', '60'), ('site', 'webicp', ''), ('site', 'webcount', ''), ('seo', 'seotitle', ''), ('seo', 'seokey', ''), ('seo', 'seodesc', ''), ('upload', 'upmaxsize', '2048'), ('upload', 'uptype_pic', 'gif|jpg|png'), ('site', 'tempcache', '1'), ('upload', 'uptype_video', 'swf|flv|mp4'), ('upload', 'uptype_file', 'zip|rar|7z|doc|docx|ppt|pptx|xls|xls|pdf'), ('html', 'htmldir', 'html/'), ('html', 'htmlhome', '1'), ('html', 'htmlclass', '1'), ('html', 'htmlcontent', '0'), ('html', 'htmltotal', '5'), ('expand', 'bookopen', '0'), ('expand', 'commentopen', '1'), ('expand', 'bookcheck', '1'), ('expand', 'commentcheck', '0'), ('other', 'verify', '');
COMMIT;

-- ----------------------------
--  Table structure for `zx_content`
-- ----------------------------
DROP TABLE IF EXISTS `zx_content`;
CREATE TABLE `zx_content` (
  `id` int(11) unsigned NOT NULL AUTO_INCREMENT,
  `categoryid` int(11) DEFAULT NULL COMMENT 'category表id--栏目id',
  `ordnum` int(11) DEFAULT '0' COMMENT '排序',
  `title` varchar(255) DEFAULT NULL COMMENT '标题',
  `createtime` int(11) DEFAULT NULL COMMENT '创建时间',
  `lastuptime` int(11) DEFAULT NULL COMMENT '最后更新时间',
  `author` varchar(50) DEFAULT NULL COMMENT '作者',
  `comefrom` varchar(10) DEFAULT NULL COMMENT '来源',
  `hits` int(11) DEFAULT '0' COMMENT '浏览次数 人气',
  `style` varchar(255) DEFAULT NULL COMMENT '标题样式',
  `picid` int(11) DEFAULT NULL COMMENT '缩放图图片id',
  `ispic` tinyint(2) DEFAULT '0' COMMENT '是否有缩放图',
  `url` varchar(100) DEFAULT NULL COMMENT 'url地址',
  `isurl` tinyint(2) DEFAULT '0' COMMENT ' 是否外链',
  `keyword` varchar(255) DEFAULT NULL COMMENT 'seo关键词',
  `description` varchar(255) DEFAULT NULL COMMENT 'seo简介',
  `intro` varchar(255) DEFAULT NULL COMMENT '简介',
  `islock` tinyint(2) DEFAULT '1' COMMENT '状态1发布0未发布-1删除',
  `isnice` tinyint(1) DEFAULT '0' COMMENT '是否推荐',
  `ontop` tinyint(2) DEFAULT '0' COMMENT '置顶',
  `iscomment` tinyint(2) DEFAULT '0' COMMENT '是否可被评论',
  `comments` int(11) DEFAULT '0' COMMENT '评论条数',
  `tags` varchar(255) DEFAULT NULL,
  `isact` tinyint(2) DEFAULT NULL,
  `likeid` varchar(255) DEFAULT NULL,
  `adminid` varchar(255) DEFAULT NULL,
  `userid` int(11) DEFAULT NULL,
  `point` varchar(255) DEFAULT NULL,
  `isauto` tinyint(2) DEFAULT NULL COMMENT ' 是否定时发布',
  `autotime` int(11) DEFAULT NULL COMMENT '定时发布时间',
  PRIMARY KEY (`id`)
) ENGINE=InnoDB AUTO_INCREMENT=23 DEFAULT CHARSET=utf8 COMMENT='栏目内容表';

-- ----------------------------
--  Records of `zx_content`
-- ----------------------------
BEGIN;
INSERT INTO `zx_content` VALUES ('12', '4', '0', '什么是脑卒中？', '1470814100', null, '', '', '0', '', '0', '0', null, '0', '', '', '', '1', '0', '0', '0', '0', null, null, null, null, null, null, null, null), ('13', '4', '0', '脑卒中都有哪些名称？', '1470814125', null, '', '', '0', '', '0', '0', null, '0', '', '', '', '1', '0', '0', '0', '0', null, null, null, null, null, null, null, null), ('14', '4', '0', '脑卒中分啊几类？', '1470814149', null, '', '', '0', '', '0', '0', null, '0', '', '', '', '1', '0', '0', '0', '0', null, null, null, null, null, null, null, null), ('15', '5', '0', '会员申请', '1470814403', null, '', '', '3', '', '0', '0', null, '0', '', '', '', '1', '0', '0', '0', '0', null, null, null, null, null, null, null, null), ('16', '5', '0', '山东省脑血管病防治协会第一次次会员代表大会参会代表回执', '1470814569', null, '', '', '0', '', '0', '0', null, '0', '', '', '', '1', '0', '0', '0', '0', null, null, null, null, null, null, null, null), ('17', '5', '0', '介入一般用药', '1470814633', null, '', '', '20', '', '0', '0', null, '0', '', '', '', '1', '0', '0', '0', '0', null, null, null, null, null, null, null, null), ('18', '11', '0', '轮播图片1', '1470815058', '1471236796', '', '', '1', '', '14', '1', null, '0', '', '', '', '1', '0', '0', '0', '0', null, null, null, null, null, null, null, null), ('19', '2', '0', '2013年中科院新增选53名新院士', '1471230804', '1471436745', '', '', '1', '', '0', '0', null, '0', '', '', '分玩儿玩儿完任务任务二', '1', '0', '0', '0', '0', null, null, null, null, null, null, null, null), ('20', '15', '0', 'The Lancet：21世纪全球脑卒中概貌', '1471230913', '1471437088', '', '', '3', '', '0', '0', null, '0', '', '', '', '1', '0', '0', '0', '0', null, null, null, null, null, null, null, null);
COMMIT;

-- ----------------------------
--  Table structure for `zx_expand_book`
-- ----------------------------
DROP TABLE IF EXISTS `zx_expand_book`;
CREATE TABLE `zx_expand_book` (
  `id` int(11) unsigned NOT NULL AUTO_INCREMENT,
  `username` varchar(50) DEFAULT NULL COMMENT '昵称',
  `sex` tinyint(2) DEFAULT NULL COMMENT '性别0保密1男2女',
  `tel` varchar(20) DEFAULT NULL COMMENT '联系电话',
  `content` varchar(255) DEFAULT NULL COMMENT '留言内容',
  `reply` varchar(255) DEFAULT NULL COMMENT '回复内容',
  `createtime` int(11) DEFAULT NULL COMMENT '留言时间',
  `replytime` int(11) DEFAULT NULL COMMENT '回复时间',
  `islock` tinyint(2) DEFAULT '1' COMMENT '是否审核通过1通过0未通过',
  `postip` varchar(20) DEFAULT NULL COMMENT '留言者ip',
  `isseen` tinyint(2) DEFAULT '1' COMMENT '1未删除0已删除',
  PRIMARY KEY (`id`)
) ENGINE=InnoDB DEFAULT CHARSET=utf8 COMMENT='留言表';

-- ----------------------------
--  Table structure for `zx_expand_class`
-- ----------------------------
DROP TABLE IF EXISTS `zx_expand_class`;
CREATE TABLE `zx_expand_class` (
  `classid` int(11) unsigned NOT NULL AUTO_INCREMENT,
  `classname` varchar(50) DEFAULT NULL COMMENT '类别名称',
  `pid` int(11) DEFAULT '1' COMMENT '父分类',
  `ordnum` int(4) DEFAULT NULL COMMENT '排序',
  `isseen` tinyint(2) DEFAULT '1' COMMENT '1未删除0已删除',
  PRIMARY KEY (`classid`)
) ENGINE=InnoDB AUTO_INCREMENT=2 DEFAULT CHARSET=utf8 COMMENT='友情链接分类';

-- ----------------------------
--  Records of `zx_expand_class`
-- ----------------------------
BEGIN;
INSERT INTO `zx_expand_class` VALUES ('1', '普通连接', '1', '0', '1');
COMMIT;

-- ----------------------------
--  Table structure for `zx_expand_comment`
-- ----------------------------
DROP TABLE IF EXISTS `zx_expand_comment`;
CREATE TABLE `zx_expand_comment` (
  `id` int(11) unsigned NOT NULL AUTO_INCREMENT,
  `contentid` int(11) DEFAULT NULL COMMENT 'content表id',
  `username` varchar(255) DEFAULT NULL COMMENT '昵称',
  `content` varchar(255) DEFAULT NULL COMMENT '评价内容',
  `reply` varchar(255) DEFAULT NULL COMMENT '回复内容',
  `createtime` int(11) DEFAULT NULL COMMENT '评价时间',
  `replytime` int(11) DEFAULT NULL COMMENT '回复时间',
  `islock` tinyint(2) DEFAULT '1' COMMENT '是否通过审核',
  `pid` int(11) DEFAULT '0' COMMENT '继承、跟随哪个id( 父id)',
  `postip` varchar(30) DEFAULT NULL COMMENT '评价人ip地址',
  `isseen` tinyint(2) DEFAULT '1' COMMENT '1未删除0已删除',
  PRIMARY KEY (`id`)
) ENGINE=InnoDB DEFAULT CHARSET=utf8 COMMENT='评论表';

-- ----------------------------
--  Table structure for `zx_expand_link`
-- ----------------------------
DROP TABLE IF EXISTS `zx_expand_link`;
CREATE TABLE `zx_expand_link` (
  `id` int(11) unsigned NOT NULL AUTO_INCREMENT,
  `webname` varchar(50) DEFAULT NULL COMMENT '网站名称',
  `weburl` varchar(100) DEFAULT NULL COMMENT '网站域名',
  `weblogoid` int(11) DEFAULT NULL COMMENT '网站logoid对应attachement表',
  `islogo` tinyint(2) DEFAULT NULL COMMENT '是否有logo、0无1有',
  `classid` int(11) DEFAULT NULL COMMENT '类别id',
  `islock` tinyint(2) DEFAULT '0' COMMENT '是否审核通过1通过0未通过',
  `isseen` tinyint(2) DEFAULT '1' COMMENT '0已删除1未删除',
  PRIMARY KEY (`id`)
) ENGINE=InnoDB AUTO_INCREMENT=8 DEFAULT CHARSET=utf8 COMMENT='友情链接';

-- ----------------------------
--  Records of `zx_expand_link`
-- ----------------------------
BEGIN;
INSERT INTO `zx_expand_link` VALUES ('2', '中国心脑血管病网', 'http://cnstroke.com/', '3', '1', '0', '1', '1'), ('3', '国家自然科学基金委员会', 'http://www.nsfc.gov.cn/', '5', '1', '0', '1', '1'), ('4', '山东省卫生和计划生育委员会', 'http://www.sdws.gov.cn/default/', '6', '1', '0', '1', '1'), ('5', '山东省科学技术协会', 'http://www.sdast.org.cn/', '7', '1', '0', '1', '1'), ('6', '山东省科学技术厅', 'http://www.sdstc.gov.cn/', '8', '1', '0', '1', '1'), ('7', '山东中医药网', 'http://www.sdtcm.gov.cn/', '9', '1', '0', '1', '1');
COMMIT;

-- ----------------------------
--  Table structure for `zx_member`
-- ----------------------------
DROP TABLE IF EXISTS `zx_member`;
CREATE TABLE `zx_member` (
  `id` int(11) unsigned NOT NULL AUTO_INCREMENT,
  `username` varchar(50) DEFAULT NULL COMMENT '用户名',
  `userpass` varchar(32) DEFAULT NULL COMMENT '密码',
  `penname` varchar(50) DEFAULT NULL COMMENT '笔名(用于发布内容处的作者)',
  `birthday` int(11) DEFAULT NULL COMMENT '出生日期',
  `email` varchar(50) DEFAULT NULL COMMENT '邮箱',
  `telephone` varchar(15) DEFAULT NULL COMMENT '手机号',
  `sex` tinyint(2) DEFAULT NULL COMMENT '性别：0男1女-1保密',
  `prov` varchar(20) DEFAULT NULL COMMENT '省',
  `city` varchar(20) DEFAULT NULL COMMENT '市',
  `dist` varchar(20) DEFAULT NULL COMMENT '区',
  `regtime` varchar(11) DEFAULT NULL COMMENT '注册日期',
  `regip` varchar(50) DEFAULT NULL COMMENT '注册ip',
  `logincount` int(11) DEFAULT NULL COMMENT '登录次数',
  `islock` tinyint(2) DEFAULT '1' COMMENT '状态：0锁定、1正常',
  `lastlogintime` int(11) DEFAULT NULL COMMENT '最后登录时间',
  `lastloginip` varchar(50) DEFAULT NULL COMMENT '最后登录ip',
  PRIMARY KEY (`id`)
) ENGINE=InnoDB DEFAULT CHARSET=utf8 COMMENT='会员';

-- ----------------------------
--  Table structure for `zx_model`
-- ----------------------------
DROP TABLE IF EXISTS `zx_model`;
CREATE TABLE `zx_model` (
  `id` int(11) unsigned NOT NULL AUTO_INCREMENT,
  `modelname` varchar(30) DEFAULT NULL COMMENT '模型名称',
  `tablename` varchar(50) DEFAULT NULL COMMENT '数据表名',
  `modeldesc` varchar(50) DEFAULT NULL COMMENT '模型描述',
  `islock` tinyint(2) DEFAULT '0',
  `list_temp` varchar(255) DEFAULT NULL COMMENT '前台列表模板',
  `show_temp` varchar(255) DEFAULT NULL COMMENT '前台内容模板',
  `admin_edit_temp` varchar(255) DEFAULT NULL COMMENT '后台修改模板',
  `config` varchar(30) DEFAULT NULL COMMENT '配置',
  PRIMARY KEY (`id`)
) ENGINE=InnoDB AUTO_INCREMENT=6 DEFAULT CHARSET=utf8 COMMENT='模型表';

-- ----------------------------
--  Records of `zx_model`
-- ----------------------------
BEGIN;
INSERT INTO `zx_model` VALUES ('1', ' 文章模型', 'zx_model_news', '', '1', 'news/list.html', 'news/info.html', 'module/model_news/edit.html', 'news'), ('2', '产品模型', 'zx_model_pro', '', '1', 'pro/list.html', 'pro/info.html', 'module/model_pro/edit.html', 'pro'), ('3', '招聘模型', 'zx_model_job', '', '1', 'job/list.html', 'job/info.html', 'module/model_job/edit.html', 'job'), ('4', '视频模型', 'zx_model_video', '', '1', 'video/list.html', 'video/info.html', 'module/model_video/edit.html', 'video'), ('5', '下载模型', 'zx_model_download', '', '1', 'download/list.html', 'download/info.html', 'module/model_download/edit.html', 'download');
COMMIT;

-- ----------------------------
--  Table structure for `zx_model_download`
-- ----------------------------
DROP TABLE IF EXISTS `zx_model_download`;
CREATE TABLE `zx_model_download` (
  `id` int(11) unsigned NOT NULL AUTO_INCREMENT COMMENT 'id主键',
  `cid` int(11) DEFAULT NULL COMMENT 'content表id',
  `content` text COMMENT '详情',
  `my_downloadid` int(11) NOT NULL,
  PRIMARY KEY (`id`)
) ENGINE=InnoDB AUTO_INCREMENT=4 DEFAULT CHARSET=utf8;

-- ----------------------------
--  Records of `zx_model_download`
-- ----------------------------
BEGIN;
INSERT INTO `zx_model_download` VALUES ('1', '15', '', '10'), ('2', '16', '', '11'), ('3', '17', '', '12');
COMMIT;

-- ----------------------------
--  Table structure for `zx_model_field`
-- ----------------------------
DROP TABLE IF EXISTS `zx_model_field`;
CREATE TABLE `zx_model_field` (
  `id` int(11) NOT NULL AUTO_INCREMENT,
  `modelid` int(11) DEFAULT NULL COMMENT '模型id',
  `fname` varchar(255) DEFAULT NULL COMMENT '字段名字',
  `falias` varchar(255) DEFAULT NULL COMMENT '字段别名',
  `fclass` tinyint(4) DEFAULT '0' COMMENT '字段类型1单行文本框2多行文本框3下拉列表4单选按钮5复选框6HTML编辑器',
  `fmode` tinyint(4) DEFAULT '0' COMMENT '表现形式1普通文本2整数4上传5小数',
  `fdatatype` tinyint(4) DEFAULT '0' COMMENT '数据类型1文本2数字3货币5备注',
  `flength` varchar(100) DEFAULT '0' COMMENT '字段长度',
  `fdefault` varchar(255) DEFAULT NULL COMMENT '默认值',
  `foptions` text COMMENT '列表内容',
  `fismust` tinyint(2) DEFAULT '0' COMMENT '是否必填',
  `frules` tinyint(4) DEFAULT '0' COMMENT '验证规则1不为空2整数3小数4电话5手机6邮箱8邮编9QQ10网址',
  `fistrim` tinyint(2) DEFAULT '0' COMMENT '去掉两端空格',
  `fupload` tinyint(10) DEFAULT '0' COMMENT '上传类型1图片2附件3视频4全部类型5Flash',
  `ordnum` int(11) DEFAULT '0' COMMENT '排序',
  `islock` tinyint(2) DEFAULT '0',
  `intro` text COMMENT '字段描述',
  PRIMARY KEY (`id`)
) ENGINE=InnoDB AUTO_INCREMENT=3 DEFAULT CHARSET=utf8 COMMENT='模型新添加字段表';

-- ----------------------------
--  Records of `zx_model_field`
-- ----------------------------
BEGIN;
INSERT INTO `zx_model_field` VALUES ('2', '5', 'downloadid', '下载', '1', '4', '1', '', '', '', '1', '1', '1', '2', '0', '1', null);
COMMIT;

-- ----------------------------
--  Table structure for `zx_model_job`
-- ----------------------------
DROP TABLE IF EXISTS `zx_model_job`;
CREATE TABLE `zx_model_job` (
  `id` int(11) unsigned NOT NULL AUTO_INCREMENT,
  `cid` int(11) DEFAULT NULL COMMENT 'content表id',
  `neednum` int(11) DEFAULT NULL COMMENT '招聘人数',
  `workspace` varchar(50) DEFAULT NULL COMMENT '工作地点',
  `workduty` text COMMENT '工作职责',
  `content` text COMMENT '岗位要求',
  PRIMARY KEY (`id`)
) ENGINE=InnoDB DEFAULT CHARSET=utf8;

-- ----------------------------
--  Table structure for `zx_model_news`
-- ----------------------------
DROP TABLE IF EXISTS `zx_model_news`;
CREATE TABLE `zx_model_news` (
  `newsid` int(11) unsigned NOT NULL AUTO_INCREMENT,
  `cid` int(11) DEFAULT NULL COMMENT 'content表id',
  `content` text COMMENT '内容详情',
  PRIMARY KEY (`newsid`)
) ENGINE=InnoDB AUTO_INCREMENT=17 DEFAULT CHARSET=utf8;

-- ----------------------------
--  Records of `zx_model_news`
-- ----------------------------
BEGIN;
INSERT INTO `zx_model_news` VALUES ('4', '5', '<p style=\"color: rgb(51, 51, 51);font-family: Simsun;font-size: 12px;white-space: normal;line-height: 35px;text-indent: 30px;background-color: rgb(255, 255, 255)\"><span style=\"font-family: 宋体;font-size: 17px\">25</span><span style=\"font-family: 宋体;font-size: 17px\">日下午，2014年脑卒中筛查与防治专项工作会议召开项目工作启动会。全国人大常委、全国人大教科文卫委员会副主任、国家卫生计生委脑卒中防治工程委员会副主任、中国工程院院士王陇德，国家卫生计生委疾控局监察专员常继乐，中国疾病预防控制中心副主任梁晓峰，山东省卫生计生委副主任左毅，国家卫生计生委办公厅秘书联络处处长巢宝华，烟台市人民政府副秘书长于向明，烟台市卫生局副局长邹志强等领导出席会议并在主席台就座。会议由国家卫生计生委疾控局慢病处处长吴良友主持。会议进行了经验交流。</span></p><p style=\"color: rgb(51, 51, 51);font-family: Simsun;font-size: 12px;white-space: normal;line-height: 35px;text-indent: 30px;background-color: rgb(255, 255, 255)\"><span style=\"font-family: 宋体;font-size: 17px\"><img src=\"/ueditor/php/upload/image/20160810/1470812759173418.png\" title=\"1470812759173418.png\" alt=\"download.png\" width=\"881\" height=\"649\" style=\"width: 881px; height: 649px;\"/></span></p><p style=\"color: rgb(51, 51, 51);font-family: Simsun;font-size: 12px;white-space: normal;line-height: 35px;text-indent: 30px;background-color: rgb(255, 255, 255)\"><span style=\"font-family: 宋体;font-size: 17px\">&nbsp; &nbsp; &nbsp; &nbsp;</span></p><p style=\"color: rgb(51, 51, 51);font-family: Simsun;font-size: 12px;white-space: normal;line-height: 35px;text-indent: 30px;background-color: rgb(255, 255, 255)\"><span style=\"font-family: 宋体;font-size: 17px\">&nbsp; &nbsp; &nbsp;&nbsp;</span><span style=\"font-family: 宋体;font-size: 17px\">王陇德院士总结了2013年度脑卒中高危人群筛查与干预工作和脑卒中新技术推广培训项目，分析了存在的问题，并就2014年专项工作进行了部署。</span></p><p style=\"color: rgb(51, 51, 51);font-family: Simsun;font-size: 12px;white-space: normal;line-height: 35px;text-indent: 30px;background-color: rgb(255, 255, 255)\"><span style=\"font-family: 宋体;font-size: 17px\">&nbsp; &nbsp; &nbsp;&nbsp;<img src=\"/ueditor/php/upload/image/20160810/1470812790963051.png\" title=\"1470812790963051.png\" alt=\"download1.png\"/></span></p><p style=\"color: rgb(51, 51, 51);font-family: Simsun;font-size: 12px;white-space: normal;line-height: 35px;text-indent: 30px;background-color: rgb(255, 255, 255)\"><span style=\"font-family: 宋体;font-size: 17px\">&nbsp; &nbsp; &nbsp;</span><span style=\"font-family: 宋体;font-size: 17px\">国家卫生计生委疾控局常继乐专员讲话，充分肯定脑卒中两个专项工作取得的成效，并就开展好下一步工作提出了要求。</span></p><p style=\"color: rgb(51, 51, 51);font-family: Simsun;font-size: 12px;white-space: normal;line-height: 35px;text-indent: 30px;background-color: rgb(255, 255, 255)\"><span style=\"font-family: 宋体;font-size: 17px\">&nbsp; &nbsp; &nbsp;<img src=\"/ueditor/php/upload/image/20160810/1470812797116538.png\" title=\"1470812797116538.png\" alt=\"download2.png\"/>&nbsp;</span></p><p style=\"color: rgb(51, 51, 51);font-family: Simsun;font-size: 12px;white-space: normal;line-height: 35px;text-indent: 30px;background-color: rgb(255, 255, 255)\"><span style=\"font-family: 宋体;font-size: 17px\">&nbsp; &nbsp; &nbsp;</span><span style=\"font-family: 宋体;font-size: 17px\">国家疾病预防控制中心梁晓峰副主任讲话，就开展好脑卒中筛查与防治工作，为中国慢病防治探索有益经验提出了希望。<img src=\"/ueditor/php/upload/image/20160810/1470812803139181.png\" title=\"1470812803139181.png\" alt=\"download3.png\"/></span></p><p><br/></p>'), ('5', '6', '<p><span style=\"color: rgb(51, 51, 51); font-family: Simsun; font-size: 12px; line-height: 22px; background-color: rgb(255, 255, 255);\">&nbsp; &nbsp;山东省脑血管病防治协会成立大会暨第一次会员代表大会11月23日在潍坊召开，省民间组织管理局副局长徐建国、省科协学会部部长邵新贵及来自全国各地的600余名脑血管病专家出席了大会。</span></p><p style=\"color: rgb(51, 51, 51); font-family: Simsun; font-size: 12px; line-height: 22px; white-space: normal; background-color: rgb(255, 255, 255);\">&nbsp;&nbsp;&nbsp;&nbsp;&nbsp;&nbsp; 大会审议通过了《山东省脑血管病防治协会章程》和《山东省脑血管病防治协会会费收取标准及管理办法》，选举产生了山东省脑血管病防治协会第一届理事会，潍坊医学院附属医院曾现伟当选为会长，山东中医药大学附属潍坊市中医院张国庆当选为秘书长。随后，上海瑞金医院沈建康教授、山东大学王志刚教授和国家卫计委脑卒中筛查与防治工程委员会巢宝华处长分别作了题为《缺血性脑血管病外科治疗新进展》、《复杂颅内动脉瘤综合手术策略》和《脑卒中筛查与防治工程巡礼》的学术讲座。</p><p style=\"color: rgb(51, 51, 51); font-family: Simsun; font-size: 12px; line-height: 22px; white-space: normal; background-color: rgb(255, 255, 255);\">&nbsp;&nbsp;&nbsp;&nbsp;&nbsp;&nbsp; 脑血管病是我国国民第一位死亡原因，具有高发病率、高复发率、高致残率和高致死率的特点，给国家、社会和家庭造成沉重的负担。近年来，党和政府对脑血管病的防控高度重视，成立了专门的脑血管病筛查与防治委员会，此次山东省脑血管病防治协会的成立为山东省内脑血管病专家和同仁提供了一个沟通交流的平台，将为山东省脑血管病的防治工作起到积极的推动作用。</p>'), ('7', '8', '<p style=\"color: rgb(51, 51, 51); font-family: Simsun; font-size: 12px; white-space: normal; line-height: 25px; background: white;\">JAMA<span style=\"color: rgb(64, 64, 64); font-family: 宋体;\">杂志近日发布了</span>2014<span style=\"color: rgb(64, 64, 64); font-family: 宋体;\">年成人</span><a title=\"高血压\" href=\"http://heart.dxy.cn/tag/hypertension?trace=inblink\" target=\"_blank\" style=\"color: rgb(51, 51, 51); text-decoration: none;\"><span style=\"color: rgb(79, 70, 160); font-family: 宋体;\">高血压</span></a><span style=\"color: rgb(64, 64, 64); font-family: 宋体;\">治疗指南（</span>2014 Evidence-Based Guideline for the Management of High Blood Pressure in Adults<span style=\"color: rgb(64, 64, 64); font-family: 宋体;\">），新指南包含</span>9<span style=\"color: rgb(64, 64, 64); font-family: 宋体;\">条推荐和一种治疗流程图来帮助医生治疗高血压患者。</span></p><p style=\"color: rgb(51, 51, 51); font-family: Simsun; font-size: 12px; white-space: normal; line-height: 25px; background: white;\"><strong>JNC8</strong><strong><span style=\"color: rgb(64, 64, 64); font-family: 宋体;\">九条推荐：</span></strong></p><p style=\"color: rgb(51, 51, 51); font-family: Simsun; font-size: 12px; white-space: normal; text-align: center; line-height: 25px; background: white;\"><span style=\"color: rgb(64, 64, 64); font-family: 宋体;\">表</span>1 &nbsp;2014<span style=\"color: rgb(64, 64, 64); font-family: 宋体;\">年美国高血压指南（</span>JNC8<span style=\"color: rgb(64, 64, 64); font-family: 宋体;\">）推荐意见表</span></p><table width=\"493\" cellspacing=\"0\" cellpadding=\"0\"><tbody><tr style=\"height: 19px;\" class=\"firstRow\"><td width=\"114\" valign=\"top\" style=\"padding: 8px 5px; border-color: rgb(229, 229, 229); border-image-source: none; background: rgb(204, 204, 204);\" height=\"19\"><p><strong><span style=\"font-family: 宋体;\">推荐</span></strong></p></td><td width=\"114\" valign=\"top\" style=\"border-left-width: medium; border-left-style: none; border-color: rgb(229, 229, 229) rgb(229, 229, 229) rgb(229, 229, 229) rgb(240, 240, 240); padding: 8px 5px; background: rgb(204, 204, 204);\" height=\"19\"><p><strong><span style=\"font-family: 宋体;\">内容</span></strong></p></td><td width=\"114\" valign=\"top\" style=\"border-left-width: medium; border-left-style: none; border-color: rgb(229, 229, 229) rgb(229, 229, 229) rgb(229, 229, 229) rgb(240, 240, 240); padding: 8px 5px; background: rgb(204, 204, 204);\" height=\"19\"><p><strong><span style=\"font-family: 宋体;\">推荐等级</span></strong></p></td></tr><tr style=\"height: 125px;\"><td valign=\"top\" style=\"border-top-width: medium; border-top-style: none; border-color: rgb(240, 240, 240) rgb(229, 229, 229) rgb(229, 229, 229); padding: 8px 5px; background-color: transparent;\" height=\"125\"><p><span style=\"font-family: 宋体;\">推荐一</span></p></td><td width=\"292\" valign=\"top\" style=\"border-top-width: medium; border-left-width: medium; border-top-style: none; border-left-style: none; border-color: rgb(240, 240, 240) rgb(229, 229, 229) rgb(229, 229, 229) rgb(240, 240, 240); padding: 8px 5px; background-color: transparent;\" height=\"125\"><p><span style=\"font-family: 宋体;\">在≥60岁的一般人群中，在收缩压（SBP）≥150mmHg或舒张压（DBP）全90mmHg时起始药物治疗，将血压降至SBP &lt;150mmHg和DBP&lt;90mmHg的目标值。</span></p></td><td width=\"141\" valign=\"top\" style=\"border-top-width: medium; border-left-width: medium; border-top-style: none; border-left-style: none; border-color: rgb(240, 240, 240) rgb(229, 229, 229) rgb(229, 229, 229) rgb(240, 240, 240); padding: 8px 5px; background-color: transparent;\" height=\"125\"><p><span style=\"font-family: 宋体;\">强烈推荐——A级</span></p></td></tr><tr style=\"height: 91px;\"><td valign=\"top\" style=\"border-top-width: medium; border-top-style: none; border-color: rgb(240, 240, 240) rgb(229, 229, 229) rgb(229, 229, 229); padding: 8px 5px; background-color: transparent;\" height=\"91\"><p><span style=\"font-family: 宋体;\">推荐二</span></p></td><td width=\"292\" valign=\"top\" style=\"border-top-width: medium; border-left-width: medium; border-top-style: none; border-left-style: none; border-color: rgb(240, 240, 240) rgb(229, 229, 229) rgb(229, 229, 229) rgb(240, 240, 240); padding: 8px 5px; background-color: transparent;\" height=\"91\"><p><span style=\"font-family: 宋体;\">在&lt;60岁的一般人群中，在DBP≥90mmHg时起始药物治疗，将血压降至DBP&lt;90mmHg的目标值。</span></p></td><td width=\"141\" valign=\"top\" style=\"border-top-width: medium; border-left-width: medium; border-top-style: none; border-left-style: none; border-color: rgb(240, 240, 240) rgb(229, 229, 229) rgb(229, 229, 229) rgb(240, 240, 240); padding: 8px 5px; background-color: transparent;\" height=\"91\"><p><span style=\"font-family: 宋体;\">30</span><span style=\"font-family: 宋体;\">～59岁，强烈推荐——A级18~29岁，专家意见——E级</span></p></td></tr><tr style=\"height: 92px;\"><td valign=\"top\" style=\"border-top-width: medium; border-top-style: none; border-color: rgb(240, 240, 240) rgb(229, 229, 229) rgb(229, 229, 229); padding: 8px 5px; background-color: transparent;\" height=\"92\"><p><span style=\"font-family: 宋体;\">推荐三</span></p></td><td width=\"292\" valign=\"top\" style=\"border-top-width: medium; border-left-width: medium; border-top-style: none; border-left-style: none; border-color: rgb(240, 240, 240) rgb(229, 229, 229) rgb(229, 229, 229) rgb(240, 240, 240); padding: 8px 5px; background-color: transparent;\" height=\"92\"><p><span style=\"font-family: 宋体;\">在&lt;60岁的一般人群中，在SBP≥140mmHg时起始药物治疗，将血压降至SBP&lt;140mmHg的目标值。</span></p></td><td valign=\"top\" style=\"border-top-width: medium; border-left-width: medium; border-top-style: none; border-left-style: none; border-color: rgb(240, 240, 240) rgb(229, 229, 229) rgb(229, 229, 229) rgb(240, 240, 240); padding: 8px 5px; background-color: transparent;\" height=\"92\"><p><span style=\"font-family: 宋体;\">专家意见——E级</span></p></td></tr><tr style=\"height: 117px;\"><td valign=\"top\" style=\"border-top-width: medium; border-top-style: none; border-color: rgb(240, 240, 240) rgb(229, 229, 229) rgb(229, 229, 229); padding: 8px 5px; background-color: transparent;\" height=\"117\"><p><span style=\"font-family: 宋体;\">推荐四</span></p></td><td width=\"292\" valign=\"top\" style=\"border-top-width: medium; border-left-width: medium; border-top-style: none; border-left-style: none; border-color: rgb(240, 240, 240) rgb(229, 229, 229) rgb(229, 229, 229) rgb(240, 240, 240); padding: 8px 5px; background-color: transparent;\" height=\"117\"><p><span style=\"font-family: 宋体;\">在≥18岁的慢性肾脏病（CKD）患者中，在SBP≥140mmHg或DBP≥90mmHg时起始药物治疗，将血压降至SBP&lt;140mmHg和DBP&lt;90mmHg的目标值。</span></p></td><td valign=\"top\" style=\"border-top-width: medium; border-left-width: medium; border-top-style: none; border-left-style: none; border-color: rgb(240, 240, 240) rgb(229, 229, 229) rgb(229, 229, 229) rgb(240, 240, 240); padding: 8px 5px; background-color: transparent;\" height=\"117\"><p><span style=\"font-family: 宋体;\">专家意见——E级</span></p></td></tr><tr style=\"height: 120px;\"><td valign=\"top\" style=\"border-top-width: medium; border-top-style: none; border-color: rgb(240, 240, 240) rgb(229, 229, 229) rgb(229, 229, 229); padding: 8px 5px; background-color: transparent;\" height=\"120\"><p><span style=\"font-family: 宋体;\">推荐五</span></p></td><td width=\"292\" valign=\"top\" style=\"border-top-width: medium; border-left-width: medium; border-top-style: none; border-left-style: none; border-color: rgb(240, 240, 240) rgb(229, 229, 229) rgb(229, 229, 229) rgb(240, 240, 240); padding: 8px 5px; background-color: transparent;\" height=\"120\"><p><span style=\"font-family: 宋体;\">在≥18岁</span><a title=\"糖尿病\" href=\"http://heart.dxy.cn/tag/diabetes?trace=inblink\" target=\"_blank\" style=\"color: rgb(51, 51, 51); text-decoration: none;\"><span style=\"color: rgb(79, 70, 160); font-family: 宋体;\">糖尿病</span></a><span style=\"font-family: 宋体;\">患者中，在SBP≥140mmHg或DBP≥90mmHg时起始药物治疗，将血压降至SBP&lt;140mmHg和DBP&lt;90mmHg的目标值。</span></p></td><td valign=\"top\" style=\"border-top-width: medium; border-left-width: medium; border-top-style: none; border-left-style: none; border-color: rgb(240, 240, 240) rgb(229, 229, 229) rgb(229, 229, 229) rgb(240, 240, 240); padding: 8px 5px; background-color: transparent;\" height=\"120\"><p><span style=\"font-family: 宋体;\">专家意见——E级</span></p></td></tr><tr style=\"height: 137px;\"><td valign=\"top\" style=\"border-top-width: medium; border-top-style: none; border-color: rgb(240, 240, 240) rgb(229, 229, 229) rgb(229, 229, 229); padding: 8px 5px; background-color: transparent;\" height=\"137\"><p><span style=\"font-family: 宋体;\">推荐六</span></p></td><td width=\"292\" valign=\"top\" style=\"border-top-width: medium; border-left-width: medium; border-top-style: none; border-left-style: none; border-color: rgb(240, 240, 240) rgb(229, 229, 229) rgb(229, 229, 229) rgb(240, 240, 240); padding: 8px 5px; background-color: transparent;\" height=\"137\"><p><span style=\"font-family: 宋体;\">对除黑人外的一般人群（包括糖尿病患者）；初始降压治疗应包括噻嗪类</span><a title=\"利尿剂\" href=\"http://drugs.dxy.cn/search/drug.htm?keyword=%E5%88%A9%E5%B0%BF%E5%89%82&trace=inblink\" target=\"_blank\" style=\"color: rgb(51, 51, 51); text-decoration: none;\"><span style=\"color: rgb(79, 70, 160); font-family: 宋体;\">利尿剂</span></a><span style=\"font-family: 宋体;\">、钙拮抗剂（CCB）、血管紧张素转换酶印制剂（ACEI）或血管紧张素受体拮抗剂（ARB）。</span></p></td><td valign=\"top\" style=\"border-top-width: medium; border-left-width: medium; border-top-style: none; border-left-style: none; border-color: rgb(240, 240, 240) rgb(229, 229, 229) rgb(229, 229, 229) rgb(240, 240, 240); padding: 8px 5px; background-color: transparent;\" height=\"137\"><p><span style=\"font-family: 宋体;\">中等推荐——B级</span></p></td></tr><tr style=\"height: 120px;\"><td valign=\"top\" style=\"border-top-width: medium; border-top-style: none; border-color: rgb(240, 240, 240) rgb(229, 229, 229) rgb(229, 229, 229); padding: 8px 5px; background-color: transparent;\" height=\"120\"><p><span style=\"font-family: 宋体;\">推荐七</span></p></td><td width=\"292\" valign=\"top\" style=\"border-top-width: medium; border-left-width: medium; border-top-style: none; border-left-style: none; border-color: rgb(240, 240, 240) rgb(229, 229, 229) rgb(229, 229, 229) rgb(240, 240, 240); padding: 8px 5px; background-color: transparent;\" height=\"120\"><p><span style=\"font-family: 宋体;\">对一般黑人（包括糖尿病患者），初始降压治疗包括噻嗪类利尿剂或CCB。</span></p></td><td width=\"141\" valign=\"top\" style=\"border-top-width: medium; border-left-width: medium; border-top-style: none; border-left-style: none; border-color: rgb(240, 240, 240) rgb(229, 229, 229) rgb(229, 229, 229) rgb(240, 240, 240); padding: 8px 5px; background-color: transparent;\" height=\"120\"><p><span style=\"font-family: 宋体;\">一般黑人：中等推荐——B级；黑人糖尿病患者：轻度推荐——C级</span></p></td></tr><tr style=\"height: 125px;\"><td valign=\"top\" style=\"border-top-width: medium; border-top-style: none; border-color: rgb(240, 240, 240) rgb(229, 229, 229) rgb(229, 229, 229); padding: 8px 5px; background-color: transparent;\" height=\"125\"><p><span style=\"font-family: 宋体;\">推荐八</span></p></td><td width=\"292\" valign=\"top\" style=\"border-top-width: medium; border-left-width: medium; border-top-style: none; border-left-style: none; border-color: rgb(240, 240, 240) rgb(229, 229, 229) rgb(229, 229, 229) rgb(240, 240, 240); padding: 8px 5px; background-color: transparent;\" height=\"125\"><p><span style=\"font-family: 宋体;\">在1≥8岁的CKD患者中，初始（或增加）降压治疗应包括ACEI或ARB，以改善肾脏预后。该推荐适用于所有伴高血压的CKD患者，无论其人种以及是否伴糖尿病。</span></p></td><td valign=\"top\" style=\"border-top-width: medium; border-left-width: medium; border-top-style: none; border-left-style: none; border-color: rgb(240, 240, 240) rgb(229, 229, 229) rgb(229, 229, 229) rgb(240, 240, 240); padding: 8px 5px; background-color: transparent;\" height=\"125\"><p><span style=\"font-family: 宋体;\">中等推荐——B级</span></p></td></tr><tr style=\"height: 371px;\"><td valign=\"top\" style=\"border-top-width: medium; border-top-style: none; border-color: rgb(240, 240, 240) rgb(229, 229, 229) rgb(229, 229, 229); padding: 8px 5px; background-color: transparent;\" height=\"371\"><p><span style=\"font-family: 宋体;\">推荐九</span></p></td><td width=\"292\" valign=\"top\" style=\"border-top-width: medium; border-left-width: medium; border-top-style: none; border-left-style: none; border-color: rgb(240, 240, 240) rgb(229, 229, 229) rgb(229, 229, 229) rgb(240, 240, 240); padding: 8px 5px; background-color: transparent;\" height=\"371\"><p><span style=\"font-family: 宋体;\">降压治疗主要目标是达到并维持目标血压。如治疗1个月仍未达目标血压，应增大初始药物剂量，或加用推荐意见6中另一种药物。医生应继续评估血压并调整治疗策略，直至血压达标。 &nbsp;如应用2种药物血压仍未达标，自推荐药物列表中选择加用第3种药物并调整剂量。患者不能同时应用ACEI和ARB。如患者由于有禁忌证仅用推荐意见6中的药物不能使血压达标，或者是须应用超过3种药物使血压达标，可选择其他类</span><a title=\"降压药\" href=\"http://drugs.dxy.cn/search/drug.htm?keyword=%E9%99%8D%E5%8E%8B%E8%8D%AF&trace=inblink\" target=\"_blank\" style=\"color: rgb(51, 51, 51); text-decoration: none;\"><span style=\"color: rgb(79, 70, 160); font-family: 宋体;\">降压药</span></a><span style=\"font-family: 宋体;\">。对经上述策略治疗血压仍不能达标的患者，或者是需要临床会诊的病情复杂者，可转诊至高血压专科医生。</span></p></td><td valign=\"top\" style=\"border-top-width: medium; border-left-width: medium; border-top-style: none; border-left-style: none; border-color: rgb(240, 240, 240) rgb(229, 229, 229) rgb(229, 229, 229) rgb(240, 240, 240); padding: 8px 5px; background-color: transparent;\" height=\"371\"><p><span style=\"font-family: 宋体;\">专家意见——E级</span></p></td></tr></tbody></table><p style=\"color: rgb(51, 51, 51); font-family: Simsun; font-size: 12px; white-space: normal; line-height: 25px; background: white;\"><br/></p><p style=\"color: rgb(51, 51, 51); font-family: Simsun; font-size: 12px; white-space: normal; line-height: 25px; background: white;\"><span style=\"color: rgb(64, 64, 64); font-family: 宋体;\">高血压是一种常见疾病，如果不能早期发现和治疗，容易引发心血管事件、中风、肾衰甚至死亡。新指南中推荐的起始治疗血压水平、治疗目标、以及治疗用药均有严格的证据支持。该指南制定专家组成员来自于</span>Eighth Joint National Committee<span style=\"color: rgb(64, 64, 64); font-family: 宋体;\">协会。</span></p><p style=\"color: rgb(51, 51, 51); font-family: Simsun; font-size: 12px; white-space: normal; line-height: 25px; background: white;\"><strong><span style=\"color: rgb(64, 64, 64); font-family: 宋体;\">新旧指南有何不同？</span></strong></p><p style=\"color: rgb(51, 51, 51); font-family: Simsun; font-size: 12px; white-space: normal; line-height: 25px; background: white;\"><span style=\"color: rgb(64, 64, 64); font-family: 宋体;\">该指南制定专家组指出，与旧指南相比，新指南的证据级别更高。新指南的证据均来自于随机对照研究，所有证据级别和推荐均根据它们对于人体健康的影响程度进行了评分。专家组指出，新指南旨在为高血压人群建立一个相同的治疗目标。</span></p><p style=\"color: rgb(51, 51, 51); font-family: Simsun; font-size: 12px; white-space: normal; line-height: 25px; background: white;\"><span style=\"color: rgb(64, 64, 64); font-family: 宋体;\">不过，专家小组强调，尽管新指南提供了高血压开始治疗的时间点、治疗用药以及治疗目标等。但是，指南并不能作为临床决策的替代品，临床医生在具体治疗时仍需考虑患者的个体差异。</span></p><p style=\"color: rgb(51, 51, 51); font-family: Simsun; font-size: 12px; white-space: normal; text-align: center; line-height: 25px; background: white;\"><span style=\"color: rgb(64, 64, 64); font-family: 宋体;\">表</span>2<span style=\"color: rgb(64, 64, 64); font-family: 宋体;\">，高血压新旧指南对比</span></p><table width=\"493\" cellspacing=\"0\" cellpadding=\"0\"><tbody><tr style=\"height: 19px;\" class=\"firstRow\"><td width=\"114\" valign=\"top\" style=\"padding: 8px 5px; border-color: rgb(229, 229, 229); border-image-source: none; background: rgb(204, 204, 204);\" height=\"19\"><p style=\"text-align: center;\"><strong><span style=\"font-family: 宋体;\">主题</span></strong></p></td><td width=\"114\" valign=\"top\" style=\"border-left-width: medium; border-left-style: none; border-color: rgb(229, 229, 229) rgb(229, 229, 229) rgb(229, 229, 229) rgb(240, 240, 240); padding: 8px 5px; background: rgb(204, 204, 204);\" height=\"19\"><p style=\"text-align: center;\"><strong><span style=\"font-family: 宋体;\">JNC7</span></strong></p></td><td width=\"114\" valign=\"top\" style=\"border-left-width: medium; border-left-style: none; border-color: rgb(229, 229, 229) rgb(229, 229, 229) rgb(229, 229, 229) rgb(240, 240, 240); padding: 8px 5px; background: rgb(204, 204, 204);\" height=\"19\"><p style=\"text-align: center;\"><strong><span style=\"font-family: 宋体;\">JNC8</span></strong><strong><span style=\"font-family: 宋体;\">（2014高血压指南）</span></strong></p></td></tr><tr style=\"height: 62px;\"><td valign=\"top\" rowspan=\"3\" style=\"border-top-width: medium; border-top-style: none; border-color: rgb(240, 240, 240) rgb(229, 229, 229) rgb(229, 229, 229); padding: 8px 5px; background-color: transparent;\" height=\"62\"><p><span style=\"font-family: 宋体;\">方法</span></p></td><td width=\"283\" valign=\"top\" style=\"border-top-width: medium; border-left-width: medium; border-top-style: none; border-left-style: none; border-color: rgb(240, 240, 240) rgb(229, 229, 229) rgb(229, 229, 229) rgb(240, 240, 240); padding: 8px 5px; background-color: transparent;\" height=\"62\"><p><span style=\"font-family: 宋体;\">◎</span><span style=\"font-family: 宋体;\">由专家委员会进行非系统性文献回顾，包括一系列研究设计</span></p></td><td width=\"341\" valign=\"top\" style=\"border-top-width: medium; border-left-width: medium; border-top-style: none; border-left-style: none; border-color: rgb(240, 240, 240) rgb(229, 229, 229) rgb(229, 229, 229) rgb(240, 240, 240); padding: 8px 5px; background-color: transparent;\" height=\"62\"><p><span style=\"font-family: 宋体;\">◎</span><span style=\"font-family: 宋体;\">由专家小组在方法学团队的支持下，确定要解决的关键问题和文献回顾标准</span></p></td></tr><tr style=\"height: 61px;\"><td valign=\"top\" style=\"border-top-width: medium; border-left-width: medium; border-top-style: none; border-left-style: none; border-color: rgb(240, 240, 240) rgb(229, 229, 229) rgb(229, 229, 229) rgb(240, 240, 240); padding: 8px 5px; background-color: transparent;\" height=\"61\"><p><span style=\"font-family: 宋体;\">◎</span><span style=\"font-family: 宋体;\">推荐意见基于共识</span></p></td><td width=\"341\" valign=\"top\" style=\"border-top-width: medium; border-left-width: medium; border-top-style: none; border-left-style: none; border-color: rgb(240, 240, 240) rgb(229, 229, 229) rgb(229, 229, 229) rgb(240, 240, 240); padding: 8px 5px; background-color: transparent;\" height=\"61\"><p><span style=\"font-family: 宋体;\">◎</span><span style=\"font-family: 宋体;\">由方法学家进行最初的系统回顾，内容限定为随机对照试验（RCT）</span></p></td></tr><tr style=\"height: 65px;\"><td valign=\"top\" style=\"border-top-width: medium; border-left-width: medium; border-top-style: none; border-left-style: none; border-color: rgb(240, 240, 240) rgb(229, 229, 229) rgb(229, 229, 229) rgb(240, 240, 240); padding: 8px 5px; background-color: transparent;\" height=\"65\"><br/></td><td width=\"341\" valign=\"top\" style=\"border-top-width: medium; border-left-width: medium; border-top-style: none; border-left-style: none; border-color: rgb(240, 240, 240) rgb(229, 229, 229) rgb(229, 229, 229) rgb(240, 240, 240); padding: 8px 5px; background-color: transparent;\" height=\"65\"><p><span style=\"font-family: 宋体;\">◎</span><span style=\"font-family: 宋体;\">接下来对RCT证据进行回顾分析，专家组根据标准草案拟定推荐意见</span></p></td></tr><tr style=\"height: 61px;\"><td valign=\"top\" style=\"border-top-width: medium; border-top-style: none; border-color: rgb(240, 240, 240) rgb(229, 229, 229) rgb(229, 229, 229); padding: 8px 5px; background-color: transparent;\" height=\"61\"><p><span style=\"font-family: 宋体;\">定义</span></p></td><td width=\"283\" valign=\"top\" style=\"border-top-width: medium; border-left-width: medium; border-top-style: none; border-left-style: none; border-color: rgb(240, 240, 240) rgb(229, 229, 229) rgb(229, 229, 229) rgb(240, 240, 240); padding: 8px 5px; background-color: transparent;\" height=\"61\"><p><span style=\"font-family: 宋体;\">明确了高血压和高血压前期</span></p></td><td width=\"341\" valign=\"top\" style=\"border-top-width: medium; border-left-width: medium; border-top-style: none; border-left-style: none; border-color: rgb(240, 240, 240) rgb(229, 229, 229) rgb(229, 229, 229) rgb(240, 240, 240); padding: 8px 5px; background-color: transparent;\" height=\"61\"><p><span style=\"font-family: 宋体;\">没有对高血压和高血压前期进行定义，但定义了药物治疗的界值</span></p></td></tr><tr style=\"height: 115px;\"><td valign=\"top\" style=\"border-top-width: medium; border-top-style: none; border-color: rgb(240, 240, 240) rgb(229, 229, 229) rgb(229, 229, 229); padding: 8px 5px; background-color: transparent;\" height=\"115\"><p><span style=\"font-family: 宋体;\">治疗目标</span></p></td><td width=\"283\" valign=\"top\" style=\"border-top-width: medium; border-left-width: medium; border-top-style: none; border-left-style: none; border-color: rgb(240, 240, 240) rgb(229, 229, 229) rgb(229, 229, 229) rgb(240, 240, 240); padding: 8px 5px; background-color: transparent;\" height=\"115\"><p><span style=\"font-family: 宋体;\">对单纯高血压患者和有复杂合并症（糖尿病和CKD）的高血压患者分别制定降压目标</span></p></td><td width=\"341\" valign=\"top\" style=\"border-top-width: medium; border-left-width: medium; border-top-style: none; border-left-style: none; border-color: rgb(240, 240, 240) rgb(229, 229, 229) rgb(229, 229, 229) rgb(240, 240, 240); padding: 8px 5px; background-color: transparent;\" height=\"115\"><p><span style=\"font-family: 宋体;\">对所有高血压患者制定相似的降压目标，除非是有证据支持对特定人群采用不同目标值</span></p></td></tr><tr style=\"height: 56px;\"><td valign=\"top\" style=\"border-top-width: medium; border-top-style: none; border-color: rgb(240, 240, 240) rgb(229, 229, 229) rgb(229, 229, 229); padding: 8px 5px; background-color: transparent;\" height=\"56\"><p><span style=\"font-family: 宋体;\">生活方式推荐</span></p></td><td width=\"283\" valign=\"top\" style=\"border-top-width: medium; border-left-width: medium; border-top-style: none; border-left-style: none; border-color: rgb(240, 240, 240) rgb(229, 229, 229) rgb(229, 229, 229) rgb(240, 240, 240); padding: 8px 5px; background-color: transparent;\" height=\"56\"><p><span style=\"font-family: 宋体;\">基于文献回顾和专家意见提出修改建议</span></p></td><td width=\"341\" valign=\"top\" style=\"border-top-width: medium; border-left-width: medium; border-top-style: none; border-left-style: none; border-color: rgb(240, 240, 240) rgb(229, 229, 229) rgb(229, 229, 229) rgb(240, 240, 240); padding: 8px 5px; background-color: transparent;\" height=\"56\"><p><span style=\"font-family: 宋体;\">基于生活方式工作组的循证推荐提出修改建议</span></p></td></tr><tr style=\"height: 73px;\"><td valign=\"top\" rowspan=\"3\" style=\"border-top-width: medium; border-top-style: none; border-color: rgb(240, 240, 240) rgb(229, 229, 229) rgb(229, 229, 229); padding: 8px 5px; background-color: transparent;\" height=\"73\"><p><span style=\"font-family: 宋体;\">药物治疗</span></p></td><td width=\"283\" valign=\"top\" style=\"border-top-width: medium; border-left-width: medium; border-top-style: none; border-left-style: none; border-color: rgb(240, 240, 240) rgb(229, 229, 229) rgb(229, 229, 229) rgb(240, 240, 240); padding: 8px 5px; background-color: transparent;\" height=\"73\"><p><span style=\"font-family: 宋体;\">◎</span><span style=\"font-family: 宋体;\">推荐5类药物用于起始治疗，但是推荐噻嗪类利尿剂作为多数患者的起始治疗药物并没有令人信服的证据</span></p></td><td width=\"341\" valign=\"top\" style=\"border-top-width: medium; border-left-width: medium; border-top-style: none; border-left-style: none; border-color: rgb(240, 240, 240) rgb(229, 229, 229) rgb(229, 229, 229) rgb(240, 240, 240); padding: 8px 5px; background-color: transparent;\" height=\"73\"><p><span style=\"font-family: 宋体;\">◎</span><span style=\"font-family: 宋体;\">基于RCT证据推荐4类药物（ACEI、ARB、CCB和噻嗪类利尿剂）及其剂量</span></p></td></tr><tr style=\"height: 125px;\"><td width=\"283\" valign=\"top\" style=\"border-top-width: medium; border-left-width: medium; border-top-style: none; border-left-style: none; border-color: rgb(240, 240, 240) rgb(229, 229, 229) rgb(229, 229, 229) rgb(240, 240, 240); padding: 8px 5px; background-color: transparent;\" height=\"125\"><p><span style=\"font-family: 宋体;\">◎</span><span style=\"font-family: 宋体;\">对合并有强适应症的患者（如糖尿病、CKD、</span><a title=\"心力衰竭\" href=\"http://heart.dxy.cn/tag/HF?trace=inblink\" target=\"_blank\" style=\"color: rgb(51, 51, 51); text-decoration: none;\"><span style=\"color: rgb(79, 70, 160); font-family: 宋体;\">心力衰竭</span></a><span style=\"font-family: 宋体;\">、</span><a title=\"心肌梗死\" href=\"http://heart.dxy.cn/tag/MI?trace=inblink\" target=\"_blank\" style=\"color: rgb(51, 51, 51); text-decoration: none;\"><span style=\"color: rgb(79, 70, 160); font-family: 宋体;\">心肌梗死</span></a><span style=\"font-family: 宋体;\">、卒中和心血管疾病高危患者），规定了特定类别的降压药物</span></p></td><td width=\"341\" valign=\"top\" style=\"border-top-width: medium; border-left-width: medium; border-top-style: none; border-left-style: none; border-color: rgb(240, 240, 240) rgb(229, 229, 229) rgb(229, 229, 229) rgb(240, 240, 240); padding: 8px 5px; background-color: transparent;\" height=\"125\"><p><span style=\"font-family: 宋体;\">◎</span><span style=\"font-family: 宋体;\">基于相应证据，对不同人种、合并CKD和糖尿病人群推荐特定类别的降压药物</span></p></td></tr><tr style=\"height: 93px;\"><td width=\"283\" valign=\"top\" style=\"border-top-width: medium; border-left-width: medium; border-top-style: none; border-left-style: none; border-color: rgb(240, 240, 240) rgb(229, 229, 229) rgb(229, 229, 229) rgb(240, 240, 240); padding: 8px 5px; background-color: transparent;\" height=\"93\"><p><span style=\"font-family: 宋体;\">◎</span><span style=\"font-family: 宋体;\">给出了完整的口服降压药表格，包括药物名称和常规剂量范围</span></p></td><td width=\"341\" valign=\"top\" style=\"border-top-width: medium; border-left-width: medium; border-top-style: none; border-left-style: none; border-color: rgb(240, 240, 240) rgb(229, 229, 229) rgb(229, 229, 229) rgb(240, 240, 240); padding: 8px 5px; background-color: transparent;\" height=\"93\"><p><span style=\"font-family: 宋体;\">◎</span><span style=\"font-family: 宋体;\">专家组采用预后试验中的剂量制定出降压药物表格</span></p></td></tr><tr style=\"height: 139px;\"><td valign=\"top\" style=\"border-top-width: medium; border-top-style: none; border-color: rgb(240, 240, 240) rgb(229, 229, 229) rgb(229, 229, 229); padding: 8px 5px; background-color: transparent;\" height=\"139\"><p><span style=\"font-family: 宋体;\">涉及领域</span></p></td><td width=\"283\" valign=\"top\" style=\"border-top-width: medium; border-left-width: medium; border-top-style: none; border-left-style: none; border-color: rgb(240, 240, 240) rgb(229, 229, 229) rgb(229, 229, 229) rgb(240, 240, 240); padding: 8px 5px; background-color: transparent;\" height=\"139\"><p><span style=\"font-family: 宋体;\">基于文献回顾和专家观点解决了多个问题（血压测量方法、患者评估、继发性高血压、治疗依从性、难治性高血压、特殊人群高血压）</span></p></td><td width=\"341\" valign=\"top\" style=\"border-top-width: medium; border-left-width: medium; border-top-style: none; border-left-style: none; border-color: rgb(240, 240, 240) rgb(229, 229, 229) rgb(229, 229, 229) rgb(240, 240, 240); padding: 8px 5px; background-color: transparent;\" height=\"139\"><p><span style=\"font-family: 宋体;\">对RCT的证据回顾聚焦在几个特定问题，专家组认为这些问题有最高优先级别，属当务之急的问题。</span></p></td></tr><tr style=\"height: 155px;\"><td width=\"125\" valign=\"top\" style=\"border-top-width: medium; border-top-style: none; border-color: rgb(240, 240, 240) rgb(229, 229, 229) rgb(229, 229, 229); padding: 8px 5px; background-color: transparent;\" height=\"155\"><p><span style=\"font-family: 宋体;\">指南发表前的文献回顾过程</span></p></td><td width=\"283\" valign=\"top\" style=\"border-top-width: medium; border-left-width: medium; border-top-style: none; border-left-style: none; border-color: rgb(240, 240, 240) rgb(229, 229, 229) rgb(229, 229, 229) rgb(240, 240, 240); padding: 8px 5px; background-color: transparent;\" height=\"155\"><p><span style=\"font-family: 宋体;\">由美国国家高血压教育计划协作委员会（NHBPEP）联合39个主要专业、公共和志愿组织及7家联邦机构共同完成</span></p></td><td width=\"341\" valign=\"top\" style=\"border-top-width: medium; border-left-width: medium; border-top-style: none; border-left-style: none; border-color: rgb(240, 240, 240) rgb(229, 229, 229) rgb(229, 229, 229) rgb(240, 240, 240); padding: 8px 5px; background-color: transparent;\" height=\"155\"><p><span style=\"font-family: 宋体;\">由来自专业和公共组织以及联邦机构的专家完成</span></p></td></tr></tbody></table><p style=\"color: rgb(51, 51, 51); font-family: Simsun; font-size: 12px; white-space: normal; line-height: 25px; background: white;\"><strong><span style=\"color: rgb(64, 64, 64); font-family: 宋体;\">新指南回答了三个常见问题：</span></strong></p><p style=\"color: rgb(51, 51, 51); font-family: Simsun; font-size: 12px; line-height: 22px; white-space: normal; margin: 0px 2px 0px 45px; background: white;\"><span style=\"color: rgb(64, 64, 64); font-family: symbol; font-size: 13px;\">·<span style=\"line-height: normal; font-size: 9px;\">&nbsp;&nbsp; &nbsp; &nbsp; &nbsp;&nbsp;</span></span><strong><span style=\"color: rgb(64, 64, 64); font-family: 宋体;\">何时开始降压治疗</span></strong></p><p style=\"color: rgb(51, 51, 51); font-family: Simsun; font-size: 12px; white-space: normal; line-height: 25px; background: white;\"><span style=\"color: rgb(64, 64, 64); font-family: 宋体;\">专家组对需要开始治疗的血压水平进行明确。指南推荐，</span>60<span style=\"color: rgb(64, 64, 64); font-family: 宋体;\">岁以上老年人，血压达到</span>150/90<span style=\"color: rgb(64, 64, 64); font-family: 宋体;\">即应开始降压治疗；治疗目标值如上述。但是，专家组强调，新指南规定的这一血压界值并不是重新定义高血压，此前由</span>Joint National Committee 7<span style=\"color: rgb(64, 64, 64); font-family: 宋体;\">定义的高血压水平（</span>&gt;=140/90 mm Hg&nbsp;<span style=\"color: rgb(64, 64, 64); font-family: 宋体;\">）仍然有效。血压处于这一范围的人群，均应通过生活方式进行干预。</span></p><p style=\"color: rgb(51, 51, 51); font-family: Simsun; font-size: 12px; line-height: 22px; white-space: normal; margin: 0px 2px 0px 45px; background: white;\"><span style=\"color: rgb(64, 64, 64); font-family: symbol; font-size: 13px;\">·<span style=\"line-height: normal; font-size: 9px;\">&nbsp;&nbsp; &nbsp; &nbsp; &nbsp;&nbsp;</span></span><strong><span style=\"color: rgb(64, 64, 64); font-family: 宋体;\">血压治疗目标值</span></strong></p><p style=\"color: rgb(51, 51, 51); font-family: Simsun; font-size: 12px; white-space: normal; line-height: 25px; background: white;\"><span style=\"color: rgb(64, 64, 64); font-family: 宋体;\">新指南对以上三个问题的回答总体概括如下：</span>60<span style=\"color: rgb(64, 64, 64); font-family: 宋体;\">岁以上老年高血压患者的高血压治疗目标值应为</span>&nbsp;150/90 mm Hg<span style=\"color: rgb(64, 64, 64); font-family: 宋体;\">；</span>30-59<span style=\"color: rgb(64, 64, 64); font-family: 宋体;\">岁高血压患者舒张压应低于</span>90mmHg<span style=\"color: rgb(64, 64, 64); font-family: 宋体;\">。但是这一年龄段高血压患者收缩压的推荐治疗目标值目前没有充足的证据支持，</span>30<span style=\"color: rgb(64, 64, 64); font-family: 宋体;\">岁以下高血压患者舒张压的治疗目标值也没有证据支持。因此专家组推荐，这类人群的高血压治疗目标应低于</span>140/90 mm Hg<span style=\"color: rgb(64, 64, 64); font-family: 宋体;\">。此外，对于</span>60<span style=\"color: rgb(64, 64, 64); font-family: 宋体;\">岁以下罹患高血压合并糖尿病，或高血压合并非糖尿病性慢性肾脏疾病</span>(CKD)<span style=\"color: rgb(64, 64, 64); font-family: 宋体;\">患者，指南推荐的治疗目标值和</span>60<span style=\"color: rgb(64, 64, 64); font-family: 宋体;\">岁以下普通高血压人群一致。</span></p><p style=\"color: rgb(51, 51, 51); font-family: Simsun; font-size: 12px; line-height: 22px; white-space: normal; margin: 0px 2px 0px 45px; background: white;\"><span style=\"color: rgb(64, 64, 64); font-family: symbol; font-size: 13px;\">·<span style=\"line-height: normal; font-size: 9px;\">&nbsp;&nbsp; &nbsp; &nbsp; &nbsp;&nbsp;</span></span><strong><span style=\"color: rgb(64, 64, 64); font-family: 宋体;\">高血压治疗起始用药</span></strong></p><p style=\"color: rgb(51, 51, 51); font-family: Simsun; font-size: 12px; white-space: normal; line-height: 25px; background: white;\"><span style=\"color: rgb(64, 64, 64); font-family: 宋体;\">对于非黑人的高血压群体（包括合并糖尿病的高血压患者），指南推荐起始用药包括</span>ACEI<span style=\"color: rgb(64, 64, 64); font-family: 宋体;\">类药物、</span>ARB<span style=\"color: rgb(64, 64, 64); font-family: 宋体;\">类药物、钙通道阻滞剂、以及噻嗪类利尿剂；对于黑人高血压群体（包括合并糖尿病的高血压患者），推荐起始用药为钙通道阻滞剂或噻嗪类利尿剂。此外，指南推荐对于合并慢性肾脏疾病的高血压患者，治疗起始或继续抗高血压治疗时，应该使用</span>ACEI<span style=\"color: rgb(64, 64, 64); font-family: 宋体;\">类药物或者</span>ARB<span style=\"color: rgb(64, 64, 64); font-family: 宋体;\">类药物，以改善肾脏功能。</span></p><p style=\"color: rgb(51, 51, 51); font-family: Simsun; font-size: 12px; white-space: normal; text-align: center; line-height: 25px; background: white;\"><span style=\"color: rgb(64, 64, 64); font-family: 宋体;\">表</span>3 &nbsp;<span style=\"color: rgb(64, 64, 64); font-family: 宋体;\">基于证据的降压药物剂量表</span></p><table width=\"493\" cellspacing=\"0\" cellpadding=\"0\"><tbody><tr style=\"height: 19px;\" class=\"firstRow\"><td width=\"114\" valign=\"top\" style=\"padding: 8px 5px; border-color: rgb(229, 229, 229); border-image-source: none; background: rgb(204, 204, 204);\" height=\"19\"><p style=\"text-align: center;\"><strong><span style=\"font-family: 宋体;\">药物类别</span></strong></p></td><td width=\"114\" valign=\"top\" style=\"border-left-width: medium; border-left-style: none; border-color: rgb(229, 229, 229) rgb(229, 229, 229) rgb(229, 229, 229) rgb(240, 240, 240); padding: 8px 5px; background: rgb(204, 204, 204);\" height=\"19\"><p style=\"text-align: center;\"><strong><span style=\"font-family: 宋体;\">药物名称</span></strong></p></td><td width=\"114\" valign=\"top\" style=\"border-left-width: medium; border-left-style: none; border-color: rgb(229, 229, 229) rgb(229, 229, 229) rgb(229, 229, 229) rgb(240, 240, 240); padding: 8px 5px; background: rgb(204, 204, 204);\" height=\"19\"><p style=\"text-align: center;\"><strong><span style=\"font-family: 宋体;\">初始每日剂量</span></strong></p></td><td width=\"114\" valign=\"top\" style=\"border-left-width: medium; border-left-style: none; border-color: rgb(229, 229, 229) rgb(229, 229, 229) rgb(229, 229, 229) rgb(240, 240, 240); padding: 8px 5px; background: rgb(204, 204, 204);\" height=\"19\"><p style=\"text-align: center;\"><strong><span style=\"font-family: 宋体;\">RCT</span></strong><strong><span style=\"font-family: 宋体;\">中的目标剂量（mg）</span></strong></p></td><td width=\"114\" valign=\"top\" style=\"border-left-width: medium; border-left-style: none; border-color: rgb(229, 229, 229) rgb(229, 229, 229) rgb(229, 229, 229) rgb(240, 240, 240); padding: 8px 5px; background: rgb(204, 204, 204);\" height=\"19\"><p style=\"text-align: center;\"><strong><span style=\"font-family: 宋体;\">每日服药次数</span></strong></p></td></tr><tr style=\"height: 18px;\"><td valign=\"top\" rowspan=\"3\" style=\"border-top-width: medium; border-top-style: none; border-color: rgb(240, 240, 240) rgb(229, 229, 229) rgb(229, 229, 229); padding: 8px 5px; background-color: transparent;\" height=\"18\"><p><span style=\"font-family: 宋体;\">ACEI</span></p></td><td valign=\"top\" style=\"border-top-width: medium; border-left-width: medium; border-top-style: none; border-left-style: none; border-color: rgb(240, 240, 240) rgb(229, 229, 229) rgb(229, 229, 229) rgb(240, 240, 240); padding: 8px 5px; background-color: transparent;\" height=\"18\"><p><a title=\"卡托普利\" href=\"http://drugs.dxy.cn/search/drug.htm?keyword=%E5%8D%A1%E6%89%98%E6%99%AE%E5%88%A9&trace=inblink\" target=\"_blank\" style=\"color: rgb(51, 51, 51); text-decoration: none;\"><span style=\"color: rgb(79, 70, 160); font-family: 宋体;\">卡托普利</span></a></p></td><td valign=\"top\" style=\"border-top-width: medium; border-left-width: medium; border-top-style: none; border-left-style: none; border-color: rgb(240, 240, 240) rgb(229, 229, 229) rgb(229, 229, 229) rgb(240, 240, 240); padding: 8px 5px; background-color: transparent;\" height=\"18\"><p><span style=\"font-family: 宋体;\">50</span></p></td><td valign=\"top\" style=\"border-top-width: medium; border-left-width: medium; border-top-style: none; border-left-style: none; border-color: rgb(240, 240, 240) rgb(229, 229, 229) rgb(229, 229, 229) rgb(240, 240, 240); padding: 8px 5px; background-color: transparent;\" height=\"18\"><p><span style=\"font-family: 宋体;\">150-200</span></p></td><td valign=\"top\" style=\"border-top-width: medium; border-left-width: medium; border-top-style: none; border-left-style: none; border-color: rgb(240, 240, 240) rgb(229, 229, 229) rgb(229, 229, 229) rgb(240, 240, 240); padding: 8px 5px; background-color: transparent;\" height=\"18\"><p><span style=\"font-family: 宋体;\">2</span></p></td></tr><tr style=\"height: 24px;\"><td valign=\"top\" style=\"border-top-width: medium; border-left-width: medium; border-top-style: none; border-left-style: none; border-color: rgb(240, 240, 240) rgb(229, 229, 229) rgb(229, 229, 229) rgb(240, 240, 240); padding: 8px 5px; background-color: transparent;\" height=\"24\"><p><a title=\"依那普利\" href=\"http://drugs.dxy.cn/search/drug.htm?keyword=%E4%BE%9D%E9%82%A3%E6%99%AE%E5%88%A9&trace=inblink\" target=\"_blank\" style=\"color: rgb(51, 51, 51); text-decoration: none;\"><span style=\"color: rgb(79, 70, 160); font-family: 宋体;\">依那普利</span></a></p></td><td valign=\"top\" style=\"border-top-width: medium; border-left-width: medium; border-top-style: none; border-left-style: none; border-color: rgb(240, 240, 240) rgb(229, 229, 229) rgb(229, 229, 229) rgb(240, 240, 240); padding: 8px 5px; background-color: transparent;\" height=\"24\"><p><span style=\"font-family: 宋体;\">5</span></p></td><td valign=\"top\" style=\"border-top-width: medium; border-left-width: medium; border-top-style: none; border-left-style: none; border-color: rgb(240, 240, 240) rgb(229, 229, 229) rgb(229, 229, 229) rgb(240, 240, 240); padding: 8px 5px; background-color: transparent;\" height=\"24\"><p><span style=\"font-family: 宋体;\">20</span></p></td><td valign=\"top\" style=\"border-top-width: medium; border-left-width: medium; border-top-style: none; border-left-style: none; border-color: rgb(240, 240, 240) rgb(229, 229, 229) rgb(229, 229, 229) rgb(240, 240, 240); padding: 8px 5px; background-color: transparent;\" height=\"24\"><p><span style=\"font-family: 宋体;\">1~2</span></p></td></tr><tr style=\"height: 24px;\"><td valign=\"top\" style=\"border-top-width: medium; border-left-width: medium; border-top-style: none; border-left-style: none; border-color: rgb(240, 240, 240) rgb(229, 229, 229) rgb(229, 229, 229) rgb(240, 240, 240); padding: 8px 5px; background-color: transparent;\" height=\"24\"><p><a title=\"赖诺普利\" href=\"http://drugs.dxy.cn/search/drug.htm?keyword=%E8%B5%96%E8%AF%BA%E6%99%AE%E5%88%A9&trace=inblink\" target=\"_blank\" style=\"color: rgb(51, 51, 51); text-decoration: none;\"><span style=\"color: rgb(79, 70, 160); font-family: 宋体;\">赖诺普利</span></a></p></td><td valign=\"top\" style=\"border-top-width: medium; border-left-width: medium; border-top-style: none; border-left-style: none; border-color: rgb(240, 240, 240) rgb(229, 229, 229) rgb(229, 229, 229) rgb(240, 240, 240); padding: 8px 5px; background-color: transparent;\" height=\"24\"><p><span style=\"font-family: 宋体;\">10</span></p></td><td valign=\"top\" style=\"border-top-width: medium; border-left-width: medium; border-top-style: none; border-left-style: none; border-color: rgb(240, 240, 240) rgb(229, 229, 229) rgb(229, 229, 229) rgb(240, 240, 240); padding: 8px 5px; background-color: transparent;\" height=\"24\"><p><span style=\"font-family: 宋体;\">40</span></p></td><td valign=\"top\" style=\"border-top-width: medium; border-left-width: medium; border-top-style: none; border-left-style: none; border-color: rgb(240, 240, 240) rgb(229, 229, 229) rgb(229, 229, 229) rgb(240, 240, 240); padding: 8px 5px; background-color: transparent;\" height=\"24\"><p><span style=\"font-family: 宋体;\">1</span></p></td></tr><tr style=\"height: 39px;\"><td valign=\"top\" rowspan=\"5\" style=\"border-top-width: medium; border-top-style: none; border-color: rgb(240, 240, 240) rgb(229, 229, 229) rgb(229, 229, 229); padding: 8px 5px; background-color: transparent;\" height=\"39\"><p><span style=\"font-family: 宋体;\">ARB</span></p></td><td width=\"128\" valign=\"top\" style=\"border-top-width: medium; border-left-width: medium; border-top-style: none; border-left-style: none; border-color: rgb(240, 240, 240) rgb(229, 229, 229) rgb(229, 229, 229) rgb(240, 240, 240); padding: 8px 5px; background-color: transparent;\" height=\"39\"><p><span style=\"font-family: 宋体;\">依普罗沙坦(Eprosartan)</span></p></td><td valign=\"top\" style=\"border-top-width: medium; border-left-width: medium; border-top-style: none; border-left-style: none; border-color: rgb(240, 240, 240) rgb(229, 229, 229) rgb(229, 229, 229) rgb(240, 240, 240); padding: 8px 5px; background-color: transparent;\" height=\"39\"><p><span style=\"font-family: 宋体;\">400</span></p></td><td valign=\"top\" style=\"border-top-width: medium; border-left-width: medium; border-top-style: none; border-left-style: none; border-color: rgb(240, 240, 240) rgb(229, 229, 229) rgb(229, 229, 229) rgb(240, 240, 240); padding: 8px 5px; background-color: transparent;\" height=\"39\"><p><span style=\"font-family: 宋体;\">600-800</span></p></td><td valign=\"top\" style=\"border-top-width: medium; border-left-width: medium; border-top-style: none; border-left-style: none; border-color: rgb(240, 240, 240) rgb(229, 229, 229) rgb(229, 229, 229) rgb(240, 240, 240); padding: 8px 5px; background-color: transparent;\" height=\"39\"><p><span style=\"font-family: 宋体;\">1~2</span></p></td></tr><tr style=\"height: 24px;\"><td valign=\"top\" style=\"border-top-width: medium; border-left-width: medium; border-top-style: none; border-left-style: none; border-color: rgb(240, 240, 240) rgb(229, 229, 229) rgb(229, 229, 229) rgb(240, 240, 240); padding: 8px 5px; background-color: transparent;\" height=\"24\"><p><a title=\"坎地沙坦\" href=\"http://drugs.dxy.cn/search/drug.htm?keyword=%E5%9D%8E%E5%9C%B0%E6%B2%99%E5%9D%A6&trace=inblink\" target=\"_blank\" style=\"color: rgb(51, 51, 51); text-decoration: none;\"><span style=\"color: rgb(79, 70, 160); font-family: 宋体;\">坎地沙坦</span></a></p></td><td valign=\"top\" style=\"border-top-width: medium; border-left-width: medium; border-top-style: none; border-left-style: none; border-color: rgb(240, 240, 240) rgb(229, 229, 229) rgb(229, 229, 229) rgb(240, 240, 240); padding: 8px 5px; background-color: transparent;\" height=\"24\"><p><span style=\"font-family: 宋体;\">4</span></p></td><td valign=\"top\" style=\"border-top-width: medium; border-left-width: medium; border-top-style: none; border-left-style: none; border-color: rgb(240, 240, 240) rgb(229, 229, 229) rgb(229, 229, 229) rgb(240, 240, 240); padding: 8px 5px; background-color: transparent;\" height=\"24\"><p><span style=\"font-family: 宋体;\">12-32</span></p></td><td valign=\"top\" style=\"border-top-width: medium; border-left-width: medium; border-top-style: none; border-left-style: none; border-color: rgb(240, 240, 240) rgb(229, 229, 229) rgb(229, 229, 229) rgb(240, 240, 240); padding: 8px 5px; background-color: transparent;\" height=\"24\"><p><span style=\"font-family: 宋体;\">1</span></p></td></tr><tr style=\"height: 24px;\"><td valign=\"top\" style=\"border-top-width: medium; border-left-width: medium; border-top-style: none; border-left-style: none; border-color: rgb(240, 240, 240) rgb(229, 229, 229) rgb(229, 229, 229) rgb(240, 240, 240); padding: 8px 5px; background-color: transparent;\" height=\"24\"><p><a title=\"氯沙坦\" href=\"http://drugs.dxy.cn/search/drug.htm?keyword=%E6%B0%AF%E6%B2%99%E5%9D%A6&trace=inblink\" target=\"_blank\" style=\"color: rgb(51, 51, 51); text-decoration: none;\"><span style=\"color: rgb(79, 70, 160); font-family: 宋体;\">氯沙坦</span></a></p></td><td valign=\"top\" style=\"border-top-width: medium; border-left-width: medium; border-top-style: none; border-left-style: none; border-color: rgb(240, 240, 240) rgb(229, 229, 229) rgb(229, 229, 229) rgb(240, 240, 240); padding: 8px 5px; background-color: transparent;\" height=\"24\"><p><span style=\"font-family: 宋体;\">50</span></p></td><td valign=\"top\" style=\"border-top-width: medium; border-left-width: medium; border-top-style: none; border-left-style: none; border-color: rgb(240, 240, 240) rgb(229, 229, 229) rgb(229, 229, 229) rgb(240, 240, 240); padding: 8px 5px; background-color: transparent;\" height=\"24\"><p><span style=\"font-family: 宋体;\">100</span></p></td><td valign=\"top\" style=\"border-top-width: medium; border-left-width: medium; border-top-style: none; border-left-style: none; border-color: rgb(240, 240, 240) rgb(229, 229, 229) rgb(229, 229, 229) rgb(240, 240, 240); padding: 8px 5px; background-color: transparent;\" height=\"24\"><p><span style=\"font-family: 宋体;\">1~2</span></p></td></tr><tr style=\"height: 24px;\"><td valign=\"top\" style=\"border-top-width: medium; border-left-width: medium; border-top-style: none; border-left-style: none; border-color: rgb(240, 240, 240) rgb(229, 229, 229) rgb(229, 229, 229) rgb(240, 240, 240); padding: 8px 5px; background-color: transparent;\" height=\"24\"><p><a title=\"缬沙坦\" href=\"http://drugs.dxy.cn/search/drug.htm?keyword=%E7%BC%AC%E6%B2%99%E5%9D%A6&trace=inblink\" target=\"_blank\" style=\"color: rgb(51, 51, 51); text-decoration: none;\"><span style=\"color: rgb(79, 70, 160); font-family: 宋体;\">缬沙坦</span></a></p></td><td valign=\"top\" style=\"border-top-width: medium; border-left-width: medium; border-top-style: none; border-left-style: none; border-color: rgb(240, 240, 240) rgb(229, 229, 229) rgb(229, 229, 229) rgb(240, 240, 240); padding: 8px 5px; background-color: transparent;\" height=\"24\"><p><span style=\"font-family: 宋体;\">40-80</span></p></td><td valign=\"top\" style=\"border-top-width: medium; border-left-width: medium; border-top-style: none; border-left-style: none; border-color: rgb(240, 240, 240) rgb(229, 229, 229) rgb(229, 229, 229) rgb(240, 240, 240); padding: 8px 5px; background-color: transparent;\" height=\"24\"><p><span style=\"font-family: 宋体;\">160-320</span></p></td><td valign=\"top\" style=\"border-top-width: medium; border-left-width: medium; border-top-style: none; border-left-style: none; border-color: rgb(240, 240, 240) rgb(229, 229, 229) rgb(229, 229, 229) rgb(240, 240, 240); padding: 8px 5px; background-color: transparent;\" height=\"24\"><p><span style=\"font-family: 宋体;\">1</span></p></td></tr><tr style=\"height: 24px;\"><td valign=\"top\" style=\"border-top-width: medium; border-left-width: medium; border-top-style: none; border-left-style: none; border-color: rgb(240, 240, 240) rgb(229, 229, 229) rgb(229, 229, 229) rgb(240, 240, 240); padding: 8px 5px; background-color: transparent;\" height=\"24\"><p><a title=\"厄贝沙坦\" href=\"http://drugs.dxy.cn/search/drug.htm?keyword=%E5%8E%84%E8%B4%9D%E6%B2%99%E5%9D%A6&trace=inblink\" target=\"_blank\" style=\"color: rgb(51, 51, 51); text-decoration: none;\"><span style=\"color: rgb(79, 70, 160); font-family: 宋体;\">厄贝沙坦</span></a></p></td><td valign=\"top\" style=\"border-top-width: medium; border-left-width: medium; border-top-style: none; border-left-style: none; border-color: rgb(240, 240, 240) rgb(229, 229, 229) rgb(229, 229, 229) rgb(240, 240, 240); padding: 8px 5px; background-color: transparent;\" height=\"24\"><p><span style=\"font-family: 宋体;\">75</span></p></td><td valign=\"top\" style=\"border-top-width: medium; border-left-width: medium; border-top-style: none; border-left-style: none; border-color: rgb(240, 240, 240) rgb(229, 229, 229) rgb(229, 229, 229) rgb(240, 240, 240); padding: 8px 5px; background-color: transparent;\" height=\"24\"><p><span style=\"font-family: 宋体;\">300</span></p></td><td valign=\"top\" style=\"border-top-width: medium; border-left-width: medium; border-top-style: none; border-left-style: none; border-color: rgb(240, 240, 240) rgb(229, 229, 229) rgb(229, 229, 229) rgb(240, 240, 240); padding: 8px 5px; background-color: transparent;\" height=\"24\"><p><span style=\"font-family: 宋体;\">1</span></p></td></tr><tr style=\"height: 18px;\"><td width=\"87\" valign=\"top\" rowspan=\"2\" style=\"border-top-width: medium; border-top-style: none; border-color: rgb(240, 240, 240) rgb(229, 229, 229) rgb(229, 229, 229); padding: 8px 5px; background-color: transparent;\" height=\"18\"><p><span style=\"font-family: 宋体;\">β</span><span style=\"font-family: 宋体;\">受体阻滞剂</span></p></td><td valign=\"top\" style=\"border-top-width: medium; border-left-width: medium; border-top-style: none; border-left-style: none; border-color: rgb(240, 240, 240) rgb(229, 229, 229) rgb(229, 229, 229) rgb(240, 240, 240); padding: 8px 5px; background-color: transparent;\" height=\"18\"><p><a title=\"阿替洛尔\" href=\"http://drugs.dxy.cn/search/drug.htm?keyword=%E9%98%BF%E6%9B%BF%E6%B4%9B%E5%B0%94&trace=inblink\" target=\"_blank\" style=\"color: rgb(51, 51, 51); text-decoration: none;\"><span style=\"color: rgb(79, 70, 160); font-family: 宋体;\">阿替洛尔</span></a></p></td><td valign=\"top\" style=\"border-top-width: medium; border-left-width: medium; border-top-style: none; border-left-style: none; border-color: rgb(240, 240, 240) rgb(229, 229, 229) rgb(229, 229, 229) rgb(240, 240, 240); padding: 8px 5px; background-color: transparent;\" height=\"18\"><p><span style=\"font-family: 宋体;\">25-50</span></p></td><td valign=\"top\" style=\"border-top-width: medium; border-left-width: medium; border-top-style: none; border-left-style: none; border-color: rgb(240, 240, 240) rgb(229, 229, 229) rgb(229, 229, 229) rgb(240, 240, 240); padding: 8px 5px; background-color: transparent;\" height=\"18\"><p><span style=\"font-family: 宋体;\">100</span></p></td><td valign=\"top\" style=\"border-top-width: medium; border-left-width: medium; border-top-style: none; border-left-style: none; border-color: rgb(240, 240, 240) rgb(229, 229, 229) rgb(229, 229, 229) rgb(240, 240, 240); padding: 8px 5px; background-color: transparent;\" height=\"18\"><p><span style=\"font-family: 宋体;\">1</span></p></td></tr><tr style=\"height: 45px;\"><td valign=\"top\" style=\"border-top-width: medium; border-left-width: medium; border-top-style: none; border-left-style: none; border-color: rgb(240, 240, 240) rgb(229, 229, 229) rgb(229, 229, 229) rgb(240, 240, 240); padding: 8px 5px; background-color: transparent;\" height=\"45\"><p><a title=\"美托洛尔\" href=\"http://drugs.dxy.cn/search/drug.htm?keyword=%E7%BE%8E%E6%89%98%E6%B4%9B%E5%B0%94&trace=inblink\" target=\"_blank\" style=\"color: rgb(51, 51, 51); text-decoration: none;\"><span style=\"color: rgb(79, 70, 160); font-family: 宋体;\">美托洛尔</span></a></p></td><td valign=\"top\" style=\"border-top-width: medium; border-left-width: medium; border-top-style: none; border-left-style: none; border-color: rgb(240, 240, 240) rgb(229, 229, 229) rgb(229, 229, 229) rgb(240, 240, 240); padding: 8px 5px; background-color: transparent;\" height=\"45\"><p><span style=\"font-family: 宋体;\">50</span></p></td><td valign=\"top\" style=\"border-top-width: medium; border-left-width: medium; border-top-style: none; border-left-style: none; border-color: rgb(240, 240, 240) rgb(229, 229, 229) rgb(229, 229, 229) rgb(240, 240, 240); padding: 8px 5px; background-color: transparent;\" height=\"45\"><p><span style=\"font-family: 宋体;\">100-200</span></p></td><td valign=\"top\" style=\"border-top-width: medium; border-left-width: medium; border-top-style: none; border-left-style: none; border-color: rgb(240, 240, 240) rgb(229, 229, 229) rgb(229, 229, 229) rgb(240, 240, 240); padding: 8px 5px; background-color: transparent;\" height=\"45\"><p><span style=\"font-family: 宋体;\">1~2</span></p></td></tr><tr style=\"height: 18px;\"><td valign=\"top\" rowspan=\"3\" style=\"border-top-width: medium; border-top-style: none; border-color: rgb(240, 240, 240) rgb(229, 229, 229) rgb(229, 229, 229); padding: 8px 5px; background-color: transparent;\" height=\"18\"><p><span style=\"font-family: 宋体;\">CCB</span></p></td><td valign=\"top\" style=\"border-top-width: medium; border-left-width: medium; border-top-style: none; border-left-style: none; border-color: rgb(240, 240, 240) rgb(229, 229, 229) rgb(229, 229, 229) rgb(240, 240, 240); padding: 8px 5px; background-color: transparent;\" height=\"18\"><p><a title=\"氨氯地平\" href=\"http://drugs.dxy.cn/search/drug.htm?keyword=%E6%B0%A8%E6%B0%AF%E5%9C%B0%E5%B9%B3&trace=inblink\" target=\"_blank\" style=\"color: rgb(51, 51, 51); text-decoration: none;\"><span style=\"color: rgb(79, 70, 160); font-family: 宋体;\">氨氯地平</span></a></p></td><td valign=\"top\" style=\"border-top-width: medium; border-left-width: medium; border-top-style: none; border-left-style: none; border-color: rgb(240, 240, 240) rgb(229, 229, 229) rgb(229, 229, 229) rgb(240, 240, 240); padding: 8px 5px; background-color: transparent;\" height=\"18\"><p><span style=\"font-family: 宋体;\">2.5</span></p></td><td valign=\"top\" style=\"border-top-width: medium; border-left-width: medium; border-top-style: none; border-left-style: none; border-color: rgb(240, 240, 240) rgb(229, 229, 229) rgb(229, 229, 229) rgb(240, 240, 240); padding: 8px 5px; background-color: transparent;\" height=\"18\"><p><span style=\"font-family: 宋体;\">10</span></p></td><td valign=\"top\" style=\"border-top-width: medium; border-left-width: medium; border-top-style: none; border-left-style: none; border-color: rgb(240, 240, 240) rgb(229, 229, 229) rgb(229, 229, 229) rgb(240, 240, 240); padding: 8px 5px; background-color: transparent;\" height=\"18\"><p><span style=\"font-family: 宋体;\">1</span></p></td></tr><tr style=\"height: 61px;\"><td width=\"128\" valign=\"top\" style=\"border-top-width: medium; border-left-width: medium; border-top-style: none; border-left-style: none; border-color: rgb(240, 240, 240) rgb(229, 229, 229) rgb(229, 229, 229) rgb(240, 240, 240); padding: 8px 5px; background-color: transparent;\" height=\"61\"><p><a title=\"地尔硫卓\" href=\"http://drugs.dxy.cn/search/drug.htm?keyword=%E5%9C%B0%E5%B0%94%E7%A1%AB%E5%8D%93&trace=inblink\" target=\"_blank\" style=\"color: rgb(51, 51, 51); text-decoration: none;\"><span style=\"color: rgb(79, 70, 160); font-family: 宋体;\">地尔硫卓</span></a><span style=\"font-family: 宋体;\">缓释剂</span></p></td><td valign=\"top\" style=\"border-top-width: medium; border-left-width: medium; border-top-style: none; border-left-style: none; border-color: rgb(240, 240, 240) rgb(229, 229, 229) rgb(229, 229, 229) rgb(240, 240, 240); padding: 8px 5px; background-color: transparent;\" height=\"61\"><p><span style=\"font-family: 宋体;\">120-180</span></p></td><td valign=\"top\" style=\"border-top-width: medium; border-left-width: medium; border-top-style: none; border-left-style: none; border-color: rgb(240, 240, 240) rgb(229, 229, 229) rgb(229, 229, 229) rgb(240, 240, 240); padding: 8px 5px; background-color: transparent;\" height=\"61\"><p><span style=\"font-family: 宋体;\">360</span></p></td><td valign=\"top\" style=\"border-top-width: medium; border-left-width: medium; border-top-style: none; border-left-style: none; border-color: rgb(240, 240, 240) rgb(229, 229, 229) rgb(229, 229, 229) rgb(240, 240, 240); padding: 8px 5px; background-color: transparent;\" height=\"61\"><p><span style=\"font-family: 宋体;\">1</span></p></td></tr><tr style=\"height: 24px;\"><td valign=\"top\" style=\"border-top-width: medium; border-left-width: medium; border-top-style: none; border-left-style: none; border-color: rgb(240, 240, 240) rgb(229, 229, 229) rgb(229, 229, 229) rgb(240, 240, 240); padding: 8px 5px; background-color: transparent;\" height=\"24\"><p><a title=\"尼群地平\" href=\"http://drugs.dxy.cn/search/drug.htm?keyword=%E5%B0%BC%E7%BE%A4%E5%9C%B0%E5%B9%B3&trace=inblink\" target=\"_blank\" style=\"color: rgb(51, 51, 51); text-decoration: none;\"><span style=\"color: rgb(79, 70, 160); font-family: 宋体;\">尼群地平</span></a></p></td><td valign=\"top\" style=\"border-top-width: medium; border-left-width: medium; border-top-style: none; border-left-style: none; border-color: rgb(240, 240, 240) rgb(229, 229, 229) rgb(229, 229, 229) rgb(240, 240, 240); padding: 8px 5px; background-color: transparent;\" height=\"24\"><p><span style=\"font-family: 宋体;\">10</span></p></td><td valign=\"top\" style=\"border-top-width: medium; border-left-width: medium; border-top-style: none; border-left-style: none; border-color: rgb(240, 240, 240) rgb(229, 229, 229) rgb(229, 229, 229) rgb(240, 240, 240); padding: 8px 5px; background-color: transparent;\" height=\"24\"><p><span style=\"font-family: 宋体;\">20</span></p></td><td valign=\"top\" style=\"border-top-width: medium; border-left-width: medium; border-top-style: none; border-left-style: none; border-color: rgb(240, 240, 240) rgb(229, 229, 229) rgb(229, 229, 229) rgb(240, 240, 240); padding: 8px 5px; background-color: transparent;\" height=\"24\"><p><span style=\"font-family: 宋体;\">1~2</span></p></td></tr><tr style=\"height: 34px;\"><td width=\"87\" valign=\"top\" rowspan=\"4\" style=\"border-top-width: medium; border-top-style: none; border-color: rgb(240, 240, 240) rgb(229, 229, 229) rgb(229, 229, 229); padding: 8px 5px; background-color: transparent;\" height=\"34\"><p><span style=\"font-family: 宋体;\">噻嗪类利尿剂</span></p></td><td width=\"128\" valign=\"top\" style=\"border-top-width: medium; border-left-width: medium; border-top-style: none; border-left-style: none; border-color: rgb(240, 240, 240) rgb(229, 229, 229) rgb(229, 229, 229) rgb(240, 240, 240); padding: 8px 5px; background-color: transparent;\" height=\"34\"><p><span style=\"font-family: 宋体;\">苄氟噻嗪（Bendroflumethiazide）</span></p></td><td valign=\"top\" style=\"border-top-width: medium; border-left-width: medium; border-top-style: none; border-left-style: none; border-color: rgb(240, 240, 240) rgb(229, 229, 229) rgb(229, 229, 229) rgb(240, 240, 240); padding: 8px 5px; background-color: transparent;\" height=\"34\"><p><span style=\"font-family: 宋体;\">5</span></p></td><td valign=\"top\" style=\"border-top-width: medium; border-left-width: medium; border-top-style: none; border-left-style: none; border-color: rgb(240, 240, 240) rgb(229, 229, 229) rgb(229, 229, 229) rgb(240, 240, 240); padding: 8px 5px; background-color: transparent;\" height=\"34\"><p><span style=\"font-family: 宋体;\">10</span></p></td><td valign=\"top\" style=\"border-top-width: medium; border-left-width: medium; border-top-style: none; border-left-style: none; border-color: rgb(240, 240, 240) rgb(229, 229, 229) rgb(229, 229, 229) rgb(240, 240, 240); padding: 8px 5px; background-color: transparent;\" height=\"34\"><p><span style=\"font-family: 宋体;\">1</span></p></td></tr><tr style=\"height: 73px;\"><td width=\"128\" valign=\"top\" style=\"border-top-width: medium; border-left-width: medium; border-top-style: none; border-left-style: none; border-color: rgb(240, 240, 240) rgb(229, 229, 229) rgb(229, 229, 229) rgb(240, 240, 240); padding: 8px 5px; background-color: transparent;\" height=\"73\"><p><span style=\"font-family: 宋体;\">氯噻酮（Chlorthalidone）</span></p></td><td valign=\"top\" style=\"border-top-width: medium; border-left-width: medium; border-top-style: none; border-left-style: none; border-color: rgb(240, 240, 240) rgb(229, 229, 229) rgb(229, 229, 229) rgb(240, 240, 240); padding: 8px 5px; background-color: transparent;\" height=\"73\"><p><span style=\"font-family: 宋体;\">12.5</span></p></td><td valign=\"top\" style=\"border-top-width: medium; border-left-width: medium; border-top-style: none; border-left-style: none; border-color: rgb(240, 240, 240) rgb(229, 229, 229) rgb(229, 229, 229) rgb(240, 240, 240); padding: 8px 5px; background-color: transparent;\" height=\"73\"><p><span style=\"font-family: 宋体;\">12.5-25</span></p></td><td valign=\"top\" style=\"border-top-width: medium; border-left-width: medium; border-top-style: none; border-left-style: none; border-color: rgb(240, 240, 240) rgb(229, 229, 229) rgb(229, 229, 229) rgb(240, 240, 240); padding: 8px 5px; background-color: transparent;\" height=\"73\"><p><span style=\"font-family: 宋体;\">1</span></p></td></tr><tr style=\"height: 24px;\"><td valign=\"top\" style=\"border-top-width: medium; border-left-width: medium; border-top-style: none; border-left-style: none; border-color: rgb(240, 240, 240) rgb(229, 229, 229) rgb(229, 229, 229) rgb(240, 240, 240); padding: 8px 5px; background-color: transparent;\" height=\"24\"><p><a title=\"氢氯噻嗪\" href=\"http://drugs.dxy.cn/search/drug.htm?keyword=%E6%B0%A2%E6%B0%AF%E5%99%BB%E5%97%AA&trace=inblink\" target=\"_blank\" style=\"color: rgb(51, 51, 51); text-decoration: none;\"><span style=\"color: rgb(79, 70, 160); font-family: 宋体;\">氢氯噻嗪</span></a></p></td><td valign=\"top\" style=\"border-top-width: medium; border-left-width: medium; border-top-style: none; border-left-style: none; border-color: rgb(240, 240, 240) rgb(229, 229, 229) rgb(229, 229, 229) rgb(240, 240, 240); padding: 8px 5px; background-color: transparent;\" height=\"24\"><p><span style=\"font-family: 宋体;\">12.5-50</span></p></td><td valign=\"top\" style=\"border-top-width: medium; border-left-width: medium; border-top-style: none; border-left-style: none; border-color: rgb(240, 240, 240) rgb(229, 229, 229) rgb(229, 229, 229) rgb(240, 240, 240); padding: 8px 5px; background-color: transparent;\" height=\"24\"><p><span style=\"font-family: 宋体;\">25-100*</span></p></td><td valign=\"top\" style=\"border-top-width: medium; border-left-width: medium; border-top-style: none; border-left-style: none; border-color: rgb(240, 240, 240) rgb(229, 229, 229) rgb(229, 229, 229) rgb(240, 240, 240); padding: 8px 5px; background-color: transparent;\" height=\"24\"><p><span style=\"font-family: 宋体;\">1~2</span></p></td></tr><tr style=\"height: 24px;\"><td valign=\"top\" style=\"border-top-width: medium; border-left-width: medium; border-top-style: none; border-left-style: none; border-color: rgb(240, 240, 240) rgb(229, 229, 229) rgb(229, 229, 229) rgb(240, 240, 240); padding: 8px 5px; background-color: transparent;\" height=\"24\"><p><a title=\"吲达帕胺\" href=\"http://drugs.dxy.cn/search/drug.htm?keyword=%E5%90%B2%E8%BE%BE%E5%B8%95%E8%83%BA&trace=inblink\" target=\"_blank\" style=\"color: rgb(51, 51, 51); text-decoration: none;\"><span style=\"color: rgb(79, 70, 160); font-family: 宋体;\">吲达帕胺</span></a></p></td><td valign=\"top\" style=\"border-top-width: medium; border-left-width: medium; border-top-style: none; border-left-style: none; border-color: rgb(240, 240, 240) rgb(229, 229, 229) rgb(229, 229, 229) ');
INSERT INTO `zx_model_news` VALUES ('8', '9', '<p style=\"color: rgb(51, 51, 51); font-family: Simsun; font-size: 12px; white-space: normal; line-height: 25px; margin-bottom: 0px; background: white;\"><span style=\"color: rgb(64, 64, 64); font-size: 14px;\">脑卒中已成为全球第二大常见死因。既往虽有关于高收入国家脑卒中流行病学研究，但是尚无囊括低</span><span style=\"color: rgb(64, 64, 64); font-family: helvetica, sans-serif; font-size: 14px;\">-</span><span style=\"color: rgb(64, 64, 64); font-size: 14px;\">中等收入国家的全球大范围的脑卒中相关研究。</span></p><p style=\"color: rgb(51, 51, 51); font-family: Simsun; font-size: 12px; white-space: normal; line-height: 25px; margin-bottom: 0px; background: white;\"><span style=\"color: rgb(64, 64, 64); font-size: 14px;\">最近，</span><span style=\"color: rgb(64, 64, 64); font-family: helvetica, sans-serif; font-size: 14px;\">&nbsp;Valery</span><span style=\"color: rgb(64, 64, 64); font-size: 14px;\">等通过分析</span><span style=\"color: rgb(64, 64, 64); font-family: helvetica, sans-serif; font-size: 14px;\">“</span><span style=\"color: rgb(64, 64, 64); font-size: 14px;\">全球疾病、伤病负担及危险因素研究（</span><span style=\"color: rgb(64, 64, 64); font-family: helvetica, sans-serif; font-size: 14px;\">GBD2010</span><span style=\"color: rgb(64, 64, 64); font-size: 14px;\">）</span><span style=\"color: rgb(64, 64, 64); font-family: helvetica, sans-serif; font-size: 14px;\">”</span><span style=\"color: rgb(64, 64, 64); font-size: 14px;\">数据，首次为我们呈现</span><span style=\"color: rgb(64, 64, 64); font-family: helvetica, sans-serif; font-size: 14px;\">21</span><span style=\"color: rgb(64, 64, 64); font-size: 14px;\">世纪全球脑卒中概貌，相关结果发表在</span><span style=\"color: rgb(64, 64, 64); font-family: helvetica, sans-serif; font-size: 14px;\">2014</span><span style=\"color: rgb(64, 64, 64); font-size: 14px;\">年</span><span style=\"color: rgb(64, 64, 64); font-family: helvetica, sans-serif; font-size: 14px;\">1</span><span style=\"color: rgb(64, 64, 64); font-size: 14px;\">月</span><span style=\"color: rgb(64, 64, 64); font-family: helvetica, sans-serif; font-size: 14px;\">18</span><span style=\"color: rgb(64, 64, 64); font-size: 14px;\">日的柳叶刀杂志。</span></p><p style=\"color: rgb(51, 51, 51); font-family: Simsun; font-size: 12px; white-space: normal; line-height: 25px; margin-bottom: 0px; background: white;\"><span style=\"color: rgb(64, 64, 64); font-size: 14px;\">研究者通过全面检索</span><span style=\"color: rgb(64, 64, 64); font-family: helvetica, sans-serif; font-size: 14px;\">Medline</span><span style=\"color: rgb(64, 64, 64); font-size: 14px;\">、</span><span style=\"color: rgb(64, 64, 64); font-family: helvetica, sans-serif; font-size: 14px;\">Embase</span><span style=\"color: rgb(64, 64, 64); font-size: 14px;\">及</span><span style=\"color: rgb(64, 64, 64); font-family: helvetica, sans-serif; font-size: 14px;\">LILACS</span><span style=\"color: rgb(64, 64, 64); font-size: 14px;\">等多个数据库，纳入</span><span style=\"color: rgb(64, 64, 64); font-family: helvetica, sans-serif; font-size: 14px;\">1990-2010</span><span style=\"color: rgb(64, 64, 64); font-size: 14px;\">年发表的</span><span style=\"color: rgb(64, 64, 64); font-family: helvetica, sans-serif; font-size: 14px;\">119</span><span style=\"color: rgb(64, 64, 64); font-size: 14px;\">个研究，涉及全球</span><span style=\"color: rgb(64, 64, 64); font-family: helvetica, sans-serif; font-size: 14px;\">21</span><span style=\"color: rgb(64, 64, 64); font-size: 14px;\">个不同收入水平国家。应用</span><span style=\"color: rgb(64, 64, 64); font-family: helvetica, sans-serif; font-size: 14px;\">GBD2010</span><span style=\"color: rgb(64, 64, 64); font-size: 14px;\">疾病分析技术</span><span style=\"color: rgb(64, 64, 64); font-family: helvetica, sans-serif; font-size: 14px;\">(DisMod-MR)</span><span style=\"color: rgb(64, 64, 64); font-size: 14px;\">，计算</span><span style=\"color: rgb(64, 64, 64); font-family: helvetica, sans-serif; font-size: 14px;\">1990</span><span style=\"color: rgb(64, 64, 64); font-size: 14px;\">、</span><span style=\"color: rgb(64, 64, 64); font-family: helvetica, sans-serif; font-size: 14px;\">2005</span><span style=\"color: rgb(64, 64, 64); font-size: 14px;\">及</span><span style=\"color: rgb(64, 64, 64); font-family: helvetica, sans-serif; font-size: 14px;\">2010</span><span style=\"color: rgb(64, 64, 64); font-size: 14px;\">年不同收入水平、不同年龄组以及总的脑卒中相关流行病学数据</span><span style=\"color: rgb(64, 64, 64); font-family: helvetica, sans-serif; font-size: 14px;\">——</span><span style=\"color: rgb(64, 64, 64); font-size: 14px;\">发病率、患病率、死亡率以及伤残调整生命年</span><span style=\"color: rgb(64, 64, 64); font-family: helvetica, sans-serif; font-size: 14px;\">(disability-adjustedlife year, DALY)</span><span style=\"color: rgb(64, 64, 64); font-size: 14px;\">。</span></p><p style=\"color: rgb(51, 51, 51); font-family: Simsun; font-size: 12px; white-space: normal; line-height: 25px; margin-bottom: 0px; background: white;\"><span style=\"color: rgb(64, 64, 64); font-size: 14px;\">结果显示，</span><span style=\"color: rgb(64, 64, 64); font-family: helvetica, sans-serif; font-size: 14px;\">1990</span><span style=\"color: rgb(64, 64, 64); font-size: 14px;\">年到</span><span style=\"color: rgb(64, 64, 64); font-family: helvetica, sans-serif; font-size: 14px;\">2010</span><span style=\"color: rgb(64, 64, 64); font-size: 14px;\">年，高收入水平国家脑卒中年龄标准化发病率显著减少了</span><span style=\"color: rgb(64, 64, 64); font-family: helvetica, sans-serif; font-size: 14px;\">12%</span><span style=\"color: rgb(64, 64, 64); font-size: 14px;\">（</span><span style=\"color: rgb(64, 64, 64); font-family: helvetica, sans-serif; font-size: 14px;\">95%CI 6-17</span><span style=\"color: rgb(64, 64, 64); font-size: 14px;\">），这提示一些卒中预防措施可能已经见效。</span></p><p style=\"color: rgb(51, 51, 51); font-family: Simsun; font-size: 12px; white-space: normal; line-height: 25px; margin-bottom: 0px; background: white;\"><span style=\"color: rgb(64, 64, 64); font-size: 14px;\">而在低</span><span style=\"color: rgb(64, 64, 64); font-family: helvetica, sans-serif; font-size: 14px;\">-</span><span style=\"color: rgb(64, 64, 64); font-size: 14px;\">中等收入国家发病率却增加了</span><span style=\"color: rgb(64, 64, 64); font-family: helvetica, sans-serif; font-size: 14px;\">12%</span><span style=\"color: rgb(64, 64, 64); font-size: 14px;\">（</span><span style=\"color: rgb(64, 64, 64); font-family: helvetica, sans-serif; font-size: 14px;\">95%CI -3</span><span style=\"color: rgb(64, 64, 64); font-size: 14px;\">至</span><span style=\"color: rgb(64, 64, 64); font-family: helvetica, sans-serif; font-size: 14px;\">22</span><span style=\"color: rgb(64, 64, 64); font-size: 14px;\">），究其原因可能是这些地区心血管危险因素有所增加。然而，在低</span><span style=\"color: rgb(64, 64, 64); font-family: helvetica, sans-serif; font-size: 14px;\">-</span><span style=\"color: rgb(64, 64, 64); font-size: 14px;\">中等收入国家，因患者就医意识不强，这些数据还可能存在低估。</span></p><p style=\"color: rgb(51, 51, 51); font-family: Simsun; font-size: 12px; white-space: normal; line-height: 25px; text-indent: 28px; margin-bottom: 0px; background: white;\"><span style=\"color: rgb(64, 64, 64); font-size: 14px;\">但是，脑卒中死亡率都显著下降，其中发达国家下降</span><span style=\"color: rgb(64, 64, 64); font-family: helvetica, sans-serif; font-size: 14px;\">37%</span><span style=\"color: rgb(64, 64, 64); font-size: 14px;\">（</span><span style=\"color: rgb(64, 64, 64); font-family: helvetica, sans-serif; font-size: 14px;\">95%CI 31–41</span><span style=\"color: rgb(64, 64, 64); font-size: 14px;\">），低</span><span style=\"color: rgb(64, 64, 64); font-family: helvetica, sans-serif; font-size: 14px;\">-</span><span style=\"color: rgb(64, 64, 64); font-size: 14px;\">中等收入国家下降</span><span style=\"color: rgb(64, 64, 64); font-family: helvetica, sans-serif; font-size: 14px;\">20%</span><span style=\"color: rgb(64, 64, 64); font-size: 14px;\">（</span><span style=\"color: rgb(64, 64, 64); font-family: helvetica, sans-serif; font-size: 14px;\">95%CI 15–30</span><span style=\"color: rgb(64, 64, 64); font-size: 14px;\">），这得益于卒中患者治疗上的进步。</span></p><p style=\"color: rgb(51, 51, 51); font-family: Simsun; font-size: 12px; white-space: normal; line-height: 25px; margin-bottom: 0px; background: white;\"><span style=\"color: rgb(64, 64, 64); font-family: helvetica, sans-serif; font-size: 14px;\">2010</span><span style=\"color: rgb(64, 64, 64); font-size: 14px;\">年，新发脑卒中患者绝对数为</span><span style=\"color: rgb(64, 64, 64); font-family: helvetica, sans-serif; font-size: 14px;\">1690</span><span style=\"color: rgb(64, 64, 64); font-size: 14px;\">万，卒中幸存者为</span><span style=\"color: rgb(64, 64, 64); font-family: helvetica, sans-serif; font-size: 14px;\">3300</span><span style=\"color: rgb(64, 64, 64); font-size: 14px;\">万，死于卒中相关疾病患者共</span><span style=\"color: rgb(64, 64, 64); font-family: helvetica, sans-serif; font-size: 14px;\">590</span><span style=\"color: rgb(64, 64, 64); font-size: 14px;\">万，</span><span style=\"color: rgb(64, 64, 64); font-family: helvetica, sans-serif; font-size: 14px;\">DALYs</span><span style=\"color: rgb(64, 64, 64); font-size: 14px;\">减少约一亿两百万。这些比</span><span style=\"color: rgb(64, 64, 64); font-family: helvetica, sans-serif; font-size: 14px;\">1990</span><span style=\"color: rgb(64, 64, 64); font-size: 14px;\">年分别显著增加了</span><span style=\"color: rgb(64, 64, 64); font-family: helvetica, sans-serif; font-size: 14px;\">68%</span><span style=\"color: rgb(64, 64, 64); font-size: 14px;\">，</span><span style=\"color: rgb(64, 64, 64); font-family: helvetica, sans-serif; font-size: 14px;\">84%</span><span style=\"color: rgb(64, 64, 64); font-size: 14px;\">，</span><span style=\"color: rgb(64, 64, 64); font-family: helvetica, sans-serif; font-size: 14px;\">26%</span><span style=\"color: rgb(64, 64, 64); font-size: 14px;\">以及</span><span style=\"color: rgb(64, 64, 64); font-family: helvetica, sans-serif; font-size: 14px;\">12%</span><span style=\"color: rgb(64, 64, 64); font-size: 14px;\">。而其中，主要疾病负担都来自于低</span><span style=\"color: rgb(64, 64, 64); font-family: helvetica, sans-serif; font-size: 14px;\">-</span><span style=\"color: rgb(64, 64, 64); font-size: 14px;\">中等收入国家。研究者分析人口增长和老龄化现象也是原因之一。</span></p><p style=\"color: rgb(51, 51, 51); font-family: Simsun; font-size: 12px; white-space: normal; line-height: 25px; text-indent: 28px; margin-bottom: 0px; background: white;\"><span style=\"color: rgb(64, 64, 64); font-size: 14px;\">研究还发现，很大一部分卒中疾病负担来自于年龄小于</span><span style=\"color: rgb(64, 64, 64); font-family: helvetica, sans-serif; font-size: 14px;\">75</span><span style=\"color: rgb(64, 64, 64); font-size: 14px;\">岁人群。数据显示，此人群占</span><span style=\"color: rgb(64, 64, 64); font-family: helvetica, sans-serif; font-size: 14px;\">62%</span><span style=\"color: rgb(64, 64, 64); font-size: 14px;\">新发卒中、</span><span style=\"color: rgb(64, 64, 64); font-family: helvetica, sans-serif; font-size: 14px;\">69.8%</span><span style=\"color: rgb(64, 64, 64); font-size: 14px;\">卒中患病者、</span><span style=\"color: rgb(64, 64, 64); font-family: helvetica, sans-serif; font-size: 14px;\">45.5%</span><span style=\"color: rgb(64, 64, 64); font-size: 14px;\">死于卒中患者以及</span><span style=\"color: rgb(64, 64, 64); font-family: helvetica, sans-serif; font-size: 14px;\">71.7%</span><span style=\"color: rgb(64, 64, 64); font-size: 14px;\">减少的</span><span style=\"color: rgb(64, 64, 64); font-family: helvetica, sans-serif; font-size: 14px;\">DALYs</span><span style=\"color: rgb(64, 64, 64); font-size: 14px;\">。</span></p><p style=\"color: rgb(51, 51, 51); font-family: Simsun; font-size: 12px; white-space: normal; line-height: 25px; margin-bottom: 0px; background: white;\"><span style=\"color: rgb(64, 64, 64); font-size: 14px;\">令人担忧的是，儿童（定义年龄小于</span><span style=\"color: rgb(64, 64, 64); font-family: helvetica, sans-serif; font-size: 14px;\">20</span><span style=\"color: rgb(64, 64, 64); font-size: 14px;\">岁）以及青中年（年龄</span><span style=\"color: rgb(64, 64, 64); font-family: helvetica, sans-serif; font-size: 14px;\">20-64</span><span style=\"color: rgb(64, 64, 64); font-size: 14px;\">岁）人群共有</span><span style=\"color: rgb(64, 64, 64); font-family: helvetica, sans-serif; font-size: 14px;\">520</span><span style=\"color: rgb(64, 64, 64); font-size: 14px;\">万（</span><span style=\"color: rgb(64, 64, 64); font-family: helvetica, sans-serif; font-size: 14px;\">31%</span><span style=\"color: rgb(64, 64, 64); font-size: 14px;\">）卒中患者。这些患者主要来自于低中等收入国家。</span></p><p style=\"color: rgb(51, 51, 51); font-family: Simsun; font-size: 12px; white-space: normal; line-height: 25px; margin-bottom: 0px; background: white;\"><span style=\"color: rgb(64, 64, 64); font-size: 14px;\">此外，纳入研究不同地区国家之间脑卒中疾病负担存在着明显差异，少则</span><span style=\"color: rgb(64, 64, 64); font-family: helvetica, sans-serif; font-size: 14px;\">3</span><span style=\"color: rgb(64, 64, 64); font-size: 14px;\">倍多达</span><span style=\"color: rgb(64, 64, 64); font-family: helvetica, sans-serif; font-size: 14px;\">10</span><span style=\"color: rgb(64, 64, 64); font-size: 14px;\">倍。</span></p><p style=\"color: rgb(51, 51, 51); font-family: Simsun; font-size: 12px; white-space: normal; line-height: 25px; margin-bottom: 0px; background: white;\"><span style=\"color: rgb(64, 64, 64); font-size: 14px;\">总之，研究者分析说虽然全球脑卒中年龄标准化卒中死亡率在过去二十年间已然下降，但是，每年卒中患者绝对数、卒中幸存者、死于卒中者以及全球卒中负担（减少的</span><span style=\"color: rgb(64, 64, 64); font-family: helvetica, sans-serif; font-size: 14px;\">DALYs</span><span style=\"color: rgb(64, 64, 64); font-size: 14px;\">）仍很庞大且不断增长。</span></p><p style=\"color: rgb(51, 51, 51); font-family: Simsun; font-size: 12px; white-space: normal; line-height: 25px; margin-bottom: 0px; background: white;\"><span style=\"color: rgb(64, 64, 64); font-size: 14px;\">此外，仍需后续研究进一步了解卒中决定因素以及不同收入国家间卒中负担不一致的原因。</span></p>'), ('10', '11', '<p style=\"color: rgb(51, 51, 51); font-family: Simsun; font-size: 12px; white-space: normal; line-height: 18px; background-color: rgb(255, 255, 255);\"><strong><span style=\"line-height: 28.5px; font-family: 华文仿宋; font-size: 19px;\">各位领导，各省、自治区、直辖市卫生厅局的代表，全国基地医院院长，各位专家同道：</span></strong></p><p style=\"color: rgb(51, 51, 51); font-family: Simsun; font-size: 12px; white-space: normal; line-height: 18px; text-indent: 37px; background-color: rgb(255, 255, 255);\"><strong><span style=\"line-height: 28.5px; font-family: 华文仿宋; font-size: 19px;\">大家上午好！2013年度脑卒中筛查与防治工作会议在苏州这座美丽的园林城市召开，同时举办苏州国际临床（技术）论坛，值此，我谨代表国家卫生计生委脑卒中筛查与防治工程委员会，向多年来为我国慢性病防控工作做出积极贡献的各级政府、疾控部门、专家学者及医院医护人员表示感谢！对大家的到来表示热烈欢迎！</span></strong></p><p style=\"color: rgb(51, 51, 51); font-family: Simsun; font-size: 12px; white-space: normal; line-height: 18px; text-indent: 37px; background-color: rgb(255, 255, 255);\"><strong><span style=\"line-height: 28.5px; font-family: 华文仿宋; font-size: 19px;\"></span></strong></p><p style=\"color: rgb(51, 51, 51); font-family: Simsun; font-size: 12px; white-space: normal; line-height: 18px; text-indent: 37px; background-color: rgb(255, 255, 255);\"><strong><span style=\"line-height: 28.5px; font-family: 华文仿宋; font-size: 19px;\">国务院新闻办公室2012年底发布的《中国的医疗卫生事业》白皮书中指出，伴随中国<a href=\"http://baike.baidu.com/view/143403.htm\" target=\"_blank\" style=\"color: rgb(51, 51, 51); font-size: 12px; text-decoration: none;\"><span style=\"color: rgb(0, 0, 0);\">工业化</span></a>、<a href=\"http://baike.baidu.com/view/429147.htm\" target=\"_blank\" style=\"color: rgb(51, 51, 51); font-size: 12px; text-decoration: none;\"><span style=\"color: rgb(0, 0, 0);\">城镇化</span></a>、<a href=\"http://baike.baidu.com/view/358103.htm\" target=\"_blank\" style=\"color: rgb(51, 51, 51); font-size: 12px; text-decoration: none;\"><span style=\"color: rgb(0, 0, 0);\">老龄化</span></a>进程的加快，居民慢性病患病、死亡呈现持续快速增长趋势。中国现有确诊慢性病患者2.6亿人，慢性病导致的死亡占中国总死亡的85%，导致的疾病负担占总疾病负担的70%。慢性病中的脑血管病是国民第一位的死因，给我国居民健康带来了沉重的负担。目前，我国仍然面临着脑卒中发病率高、致残率高、复发率高、死亡率高、经济负担重等严峻形势，防控工作仍面对着巨大的挑战。从2009年原卫生部启动脑卒中筛查与防治工程以来，在全国各地卫生行政部门、疾控中心及基地医院的积极响应和大力推动下，取得了一定的成绩，也为探索中国特色的慢性病防控体系创造了条件，打下了一定的基础。</span></strong></p><p style=\"color: rgb(51, 51, 51); font-family: Simsun; font-size: 12px; white-space: normal; line-height: 18px; text-indent: 37px; background-color: rgb(255, 255, 255);\"><strong><span style=\"line-height: 28.5px; font-family: 华文仿宋; font-size: 19px;\">下面我就2013年脑卒中筛查与防治工程的进展情况向大家作简要介绍，以期与大家共享取得的工作成绩，分析探讨存在的主要问题，并对今后的防控工作进行部署。</span></strong></p><p style=\"color: rgb(51, 51, 51); font-family: Simsun; font-size: 12px; white-space: normal; line-height: 47px; text-indent: 37px; background-color: rgb(255, 255, 255);\"><strong><span style=\"font-family: 黑体; font-size: 19px;\">一、脑卒中筛查与防治工程进展</span></strong></p><p style=\"color: rgb(51, 51, 51); font-family: Simsun; font-size: 12px; white-space: normal; line-height: 47px; text-indent: 37px; background-color: rgb(255, 255, 255);\"><strong><span style=\"font-family: 楷体_gb2312; font-size: 19px;\">（一）国家一级的脑卒中筛查与防控网络体系构建基本完成。</span></strong></p><p style=\"color: rgb(51, 51, 51); font-family: Simsun; font-size: 12px; white-space: normal; line-height: 18px; text-indent: 37px; background-color: rgb(255, 255, 255);\"><strong><span style=\"line-height: 28.5px; font-family: 华文仿宋; font-size: 19px;\">在2011、2012两年的工作基础上，全国31个省、自治区、直辖市卫生厅（局）和新疆生产建设兵团成立了脑卒中防治领导小组和专家组，组织当地疾病预防控制机构、基地医院、基层医疗单位开展脑卒中筛查与防治工作。</span></strong></p><p style=\"color: rgb(51, 51, 51); font-family: Simsun; font-size: 12px; white-space: normal; line-height: 18px; text-indent: 37px; background-color: rgb(255, 255, 255);\"><strong><span style=\"line-height: 28.5px; font-family: 华文仿宋; font-size: 19px;\">工程委员会要求各基地医院成立由院长为组长，多学科专家为成员的脑卒中筛查与防治工作领导小组，鼓励院内多学科、多专业、多领域的合作，关注慢性病防治的交叉学科，建立了“院前健康教育和危险因素预防”、“院中高危筛查和多学科联合干预”、“院后随访管理减少发病”的规范化工作模式。同时，许多基地医院积极和当地基层医院与社区、乡镇卫生服务机构建立协作关系，打造基地医院----协作医院----基层医疗单位职责清晰、合作共赢的区域性脑卒中防控联动医疗体。今天我们将向经过各省区市推荐并考评合格的79家医院授予“脑卒中筛查与防治基地”称号。至此， 286家省级和地市级区域龙头医院及20家部队综合医院已成为“脑卒中筛查与防治基地医院”。按照工程委员会制定的第一阶段三年工作目标，基地医院遴选和协作网络建设工作基本完成。初步构建了分布均匀、覆盖全国的国家级脑卒中筛查与防治网络体系。</span></strong></p><p style=\"color: rgb(51, 51, 51); font-family: Simsun; font-size: 12px; line-height: 22px; white-space: normal; text-indent: 37px; background-color: rgb(255, 255, 255);\"><strong><span style=\"font-family: 楷体_gb2312; font-size: 19px;\">（二）积极鼓励基地医院开展多学科联合诊治，探索建立院内脑卒中防控工作的科学流程和模式。</span></strong></p><p style=\"color: rgb(51, 51, 51); font-family: Simsun; font-size: 12px; white-space: normal; line-height: 18px; text-indent: 37px; background-color: rgb(255, 255, 255);\"><strong><span style=\"line-height: 28.5px; font-family: 华文仿宋; font-size: 19px;\">一是全国基地医院“中风预防/筛查门诊”数量由2010年71家增加到2012年的123家，门诊就诊总人数也由全年69万人次增长到113万人次，增长63.8%。全国基地医院“卒中随访门诊”随访人数也由40万人次增长到73万人次，增长82.5%。二是目前已有75家基地医院开设卒中急诊绿色通道这一急性脑血管病的重要抢救措施，获益总人数由2010年3.5万人次增长到2012年的6.3万人次，增长80%。三是截至2013年9月，基地医院共建立卒中中心29家，年收治脑卒中患者3万余人。四是积极推动颈动脉内膜剥脱术（CEA）的开展，使得有实施颈动脉内膜剥脱术能力的基地医院由2010年41家增长到2012年70余家。据180家基地医院的统计，2010年实施CEA手术247例，2012年实施CEA手术1310例，数量增长了430%。五是积极开展脑卒中的规范化诊治。2012年统计的180家基地医院开展静脉溶栓7920例，比2010年的4632例增长69.7%。按照基地医院应建立高危人群新发TIA登记制度的要求，180家基地医院2012年共进行TIA评估40余万人次，住院治疗6.4万人次。</span></strong></p><p style=\"color: rgb(51, 51, 51); font-family: Simsun; font-size: 12px; line-height: 22px; white-space: normal; text-indent: 37px; background-color: rgb(255, 255, 255);\"><strong><span style=\"font-family: 楷体_gb2312; font-size: 19px;\">（三）积极开展医改重大专项——脑卒中高危人群筛查和干预项目。</span></strong></p><p style=\"color: rgb(51, 51, 51); font-family: Simsun; font-size: 12px; white-space: normal; line-height: 18px; text-indent: 40px; background-color: rgb(255, 255, 255);\"><strong><span style=\"line-height: 28.5px; font-family: 华文仿宋; font-size: 19px;\">“脑卒中高危人群筛查和干预项目”于2011年被列为国家医改重大专项，2011年度6省市41家基地医院完成了80万例40岁以上人群的筛查干预任务。2012年度，在16个省区市，完成了144万例项目工作任务。地方政府、卫生厅局高度重视，认真开展项目工作。山东省疾控中心、陕西省疾控中心等积极协调，组织动员辖区内项目单位落实筛查工作；首都医科大学宣武医院、郑州大学第一附属医院等积极探索创建各具特色的筛查和干预模式；天津市环湖医院、徐州医院附属医院、兰州大学第二医院等开展了多种形式的宣传动员，扩大群众参与度，提高了筛查干预工作质量。通过项目工作的开展，各级医疗机构心脑血管病协同防治的水平进一步提升，人民群众的慢性病防控意识进一步增强。</span></strong></p><p style=\"color: rgb(51, 51, 51); font-family: Simsun; font-size: 12px; white-space: normal; line-height: 18px; text-indent: 40px; background-color: rgb(255, 255, 255);\"><strong><span style=\"line-height: 28.5px; font-family: 华文仿宋; font-size: 19px;\">2013</span></strong><strong><span style=\"line-height: 28.5px; font-family: 华文仿宋; font-size: 19px;\">年度项目工作于今年8月在全国31个省、市、自治区及新疆生产建设兵团200个项目地区正式启动,要求完成120万例筛查和干预任务。为了将项目工作做的更好、更细，我们采取了一系列新的工作方法。一是在项目工作开展前期，从筛查点的数量、筛查人群的覆盖率、人口比例、年龄段比例等方面进行严格把关；二是在项目工作开展中，国家卒中数据中心将对各基地医院上报的筛查数据进行分析、评价。若上报数据的某项指标不合格，超过预定的阈值时，系统会自动进行提示，国家工程办也会将这一情况及时反馈到各省市卫生厅局，由省级项目负责人或专家组长反馈项目医院进行工作质控核查。相信通过以上全程质控方法，2013年度脑卒中高危人群筛查和干预项目工作将能够达到预期的高质量、高标准的要求。</span></strong></p><p style=\"color: rgb(51, 51, 51); font-family: Simsun; font-size: 12px; white-space: normal; line-height: 18px; text-indent: 37px; background-color: rgb(255, 255, 255);\"><strong><span style=\"line-height: 28.5px; font-family: 楷体_gb2312; font-size: 19px;\">（四）认真实施脑卒中防治新技术推广培训项目。</span></strong></p><p style=\"color: rgb(51, 51, 51); font-family: Simsun; font-size: 12px; white-space: normal; line-height: 18px; text-indent: 37px; background-color: rgb(255, 255, 255);\"><strong><span style=\"line-height: 28.5px; font-family: 华文仿宋; font-size: 19px;\"></span></strong><strong><span style=\"line-height: 28.5px; font-family: 华文仿宋; font-size: 19px;\">“脑卒中防治新技术推广”项目获得财政部专项经费保障。2012年度项目获得专项支撑经费2690万元，在全国180余家基地医院开展内科、外科、介入、超声、影像、康复、护理等方面的培训工作。各地项目医院积极选派技术骨干参加培训基地组织的专业培训。宣武医院、天坛医院、天津市环湖医院等多家培训基地严格按照《培训基地管理办法》的要求，精心组织、统筹规划各个培训环节。截止2013年7月，各基地医院已选派相关科室主任及技术骨干3000余人参加了专科技术培训；基地医院组织院内及基层医疗单位培训12000多人，多学科联合开展培训8000多人。2013年度项目获得专项支撑经费2380万元，培训工作已于今年8月在全国200余家基地医院全面开展，计划完成30000余名医务人员培训任务。</span></strong></p><p style=\"color: rgb(51, 51, 51); font-family: Simsun; font-size: 12px; line-height: 22px; white-space: normal; text-indent: 37px; background-color: rgb(255, 255, 255);\"><strong><span style=\"font-family: 楷体_gb2312; font-size: 19px;\">（五）通过开展多种形式的健康教育，倡导健康生活方式，培养民众的健康生活理念。</span></strong></p><p style=\"color: rgb(51, 51, 51); font-family: Simsun; font-size: 12px; white-space: normal; line-height: 18px; text-indent: 37px; background-color: rgb(255, 255, 255);\"><strong><span style=\"line-height: 28.5px; font-family: 华文仿宋; font-size: 19px;\">脑卒中筛查与防治工程在积极开展脑卒中高危人群筛查和防治工作的同时，重视宣传教育工作。</span></strong></p><p style=\"color: rgb(51, 51, 51); font-family: Simsun; font-size: 12px; white-space: normal; line-height: 18px; text-indent: 37px; background-color: rgb(255, 255, 255);\"><strong><span style=\"line-height: 28.5px; font-family: 华文仿宋; font-size: 19px;\">一是在全社会推动心脑血管病的科普和宣传工作。2012年，全国180家基地医院共举行科普宣传3650场，受益群众62万余人；举行义诊1849场，受益38万余人；同时，在医院、社区、村镇举行健康讲座2036场，听众达49万余人。</span></strong></p><p style=\"color: rgb(51, 51, 51); font-family: Simsun; font-size: 12px; white-space: normal; line-height: 18px; text-indent: 37px; background-color: rgb(255, 255, 255);\"><strong><span style=\"line-height: 28.5px; font-family: 华文仿宋; font-size: 19px;\">二是指导生活调理232万余人，指导药物调整192万余人，救助贫困脑卒中患者1081余人。</span></strong></p><p style=\"color: rgb(51, 51, 51); font-family: Simsun; font-size: 12px; white-space: normal; line-height: 18px; text-indent: 37px; background-color: rgb(255, 255, 255);\"><strong><span style=\"line-height: 28.5px; font-family: 华文仿宋; font-size: 19px;\">三是结合“世界卒中日”主题，各基地医院积极开展“卒中周”系列活动，推广“为控制脑卒中危险因素致民众的一封信”和“中风危险评分卡”。2013年“世界卒中日”系列宣传周活动刚刚结束，在我们收集的基地医院开展宣传活动中，涌现出了一批先进单位，甘肃省白银市第一人民医院通过电视、报纸、网站、微博、短信、视频、宣传栏、展板、海报、健康处方、知识手册、环保袋以及培训讲座等多种形式进行宣传。宁德市医院联合当地媒体全程跟踪宣传周活动，在全市营造脑卒中防治氛围。牡丹江市第二人民医院对总院及3个分院、4个社区服务中心的医护工作者进行了脑卒中相关发病机制、诊断及防治知识的全员培训。南昌市第一医院联合慈善机构在八一广场举行义诊活动，在滕王阁街道社区卫生服务中心举行了社区筛查启动仪式，同时启动脑卒中患者俱乐部,在医院网站上开通医患互动。南京军区总医院免费为群众进行血压测量、血脂检查、臂踝指数测量及卒中相关宣教，在南京及周边省市产生了较大反响。湛江中心人民医院举行了“脑健康国内名医义诊”活动，邀请了我国著名神经病学专家为本地群众义诊，并进行脑卒中防治新技术专题讲座。丽水市中心医院开展多种形式的筛查与防控专题培训，市心脑血管病防治办公室还与CDC共同组织全市社区（骨干）责任医师进行了高血压防治知识竞赛，组织专家开展义诊活动近10场。还有许多基地医院开展了卓有成效的“卒中周”活动，这里不再一一列举。</span></strong></p><p style=\"color: rgb(51, 51, 51); font-family: Simsun; font-size: 12px; white-space: normal; line-height: 18px; text-indent: 37px; background-color: rgb(255, 255, 255);\"><strong><span style=\"line-height: 28.5px; font-family: 黑体; font-size: 19px;\">二、脑卒中防控项目工作实施中存在的主要问题</span></strong></p><p style=\"color: rgb(51, 51, 51); font-family: Simsun; font-size: 12px; line-height: 22px; white-space: normal; text-indent: 32px; background-color: rgb(255, 255, 255);\"><strong><span style=\"font-family: 楷体_gb2312; font-size: 19px;\">(</span></strong><strong><span style=\"font-family: 楷体_gb2312; font-size: 19px;\">一)少数省、市级卫生行政部门对项目工作不够重视，<a name=\"baidusnap2\"></a>疏于管理，责任落实不到位;一些基地医院对现场筛查和干预项目工作组织、指导不力，致使筛查和干预项目工作不能按期完成，质量低下。</span></strong></p><p style=\"color: rgb(51, 51, 51); font-family: Simsun; font-size: 12px; white-space: normal; line-height: 18px; text-indent: 32px; background-color: rgb(255, 255, 255);\"><strong><span style=\"line-height: 28.5px; font-family: 华文仿宋; font-size: 19px;\"></span></strong><strong><span style=\"line-height: 28.5px; font-family: 华文仿宋; font-size: 19px;\">少数省、市的筛查结果严重偏离了脑血管病的流行规律，说明这些省、市的疾控部门没有认真参与筛查质控工作，没有落实整群抽样的原则和对筛查覆盖率的要求。另外，在2012年度项目开展过程中，个别省份出现了滞留经费、甚至到项目工作结束时也未能下拔经费的现象，严重影响了项目单位工作的积极性，阻碍了防控工程的进展。</span></strong></p><p style=\"color: rgb(51, 51, 51); font-family: Simsun; font-size: 12px; line-height: 22px; white-space: normal; text-indent: 24px; margin-left: 10px; background-color: rgb(255, 255, 255);\"><strong><span style=\"font-family: 楷体_gb2312; font-size: 19px;\">(</span></strong><strong><span style=\"font-family: 楷体_gb2312; font-size: 19px;\">二)脑卒中防治新技术推广项目需要引起各级领导的高度重视。</span></strong></p><p style=\"color: rgb(51, 51, 51); font-family: Simsun; font-size: 12px; white-space: normal; line-height: 18px; text-indent: 37px; background-color: rgb(255, 255, 255);\"><strong><span style=\"line-height: 28.5px; font-family: 华文仿宋; font-size: 19px;\">脑卒中防控适宜技术普及程度低、专业人才缺乏，是影响“工程”顺利开展的主要“瓶颈”之一。2012年169家基地医院上报的数据表明，虽然开展颈动脉内膜剥脱（CEA）手术的医院数量和手术量有明显增长，但不能开展CEA手术的基地医院还超过半数，熟练掌握血管超声筛查的医务人员还比较少，及时组织开展急性期溶栓技术和多学科合作治疗脑卒中的医院还不多。因此，推广脑卒中防控适宜技术和培训专业人才应是当务之急。但少数省市卫生厅局在接到培训项目通知和资金后，未能及时制定培训专项经费分配方案，导致财政部门不能及时拨付经费到各项目医院，培训工作开展受到很大的影响；部分项目医院在接到培训项目启动通知后未给予足够重视，医政、科教等部门没有专人负责项目的督导、实施、质控等；有些培训基地的开班准备不充分，培训计划变动大，反复更改开班时间，不利于各基地医院做好外出培训人员的安排；有些培训基地未按照大纲要求开展培训，授课周期太短，影响了培训质量。</span></strong></p><p style=\"color: rgb(51, 51, 51); font-family: Simsun; font-size: 12px; line-height: 22px; white-space: normal; text-indent: 28px; background-color: rgb(255, 255, 255);\"><strong><span style=\"font-family: 楷体_gb2312; font-size: 19px;\">（三）科普教育宣传力度不够，导致部分群众脑卒中防控知识知晓率不高、参与面不广。</span></strong></p><p style=\"color: rgb(51, 51, 51); font-family: Simsun; font-size: 12px; white-space: normal; line-height: 18px; text-indent: 24px; background-color: rgb(255, 255, 255);\"><strong><span style=\"line-height: 28.5px; font-family: 楷体_gb2312; font-size: 19px;\">&nbsp;</span></strong><strong><span style=\"line-height: 28.5px; font-family: 华文仿宋; font-size: 19px;\">我国心脑血管病高发有多种原因，然而广大民众，甚至包括部分医务人员，对于心脑血管病，尤其是脑卒中预防知识及卒中带来的严重危害<a name=\"baidusnap4\"></a>认识不足，对脑卒中高危人群筛查、早期干预重视不够。在这一方面，我们卫生系统，尤其是医务人员在开展对百姓的健康知识宣教中，作用发挥不足，仍是一个不容忽视的问题。作为脑卒中防控基地医院如何真正起到“卒中防控基地”的作用，还需要我们进行认真地思考和尝试。</span></strong></p><p style=\"color: rgb(51, 51, 51); font-family: Simsun; font-size: 12px; white-space: normal; line-height: 18px; text-indent: 24px; background-color: rgb(255, 255, 255);\"><strong><span style=\"line-height: 28.5px; font-family: 华文仿宋; font-size: 19px;\"></span></strong><strong><span style=\"line-height: 28.5px; font-family: 华文仿宋; font-size: 19px;\">&nbsp;&nbsp;</span></strong><strong><span style=\"line-height: 28.5px; font-family: 黑体; font-size: 19px;\"></span></strong><strong><span style=\"line-height: 28.5px; font-family: 黑体; font-size: 19px;\">三、下一步工作重点</span></strong></p><p style=\"color: rgb(51, 51, 51); font-family: Simsun; font-size: 12px; line-height: 22px; white-space: normal; text-indent: 33px; background-color: rgb(255, 255, 255);\"><strong><span style=\"font-family: 楷体_gb2312; font-size: 19px;\">（一）脑卒中防控工作需要各级政府的共同重视和努力。</span></strong></p><p style=\"color: rgb(51, 51, 51); font-family: Simsun; font-size: 12px; white-space: normal; line-height: 18px; text-indent: 43px; background-color: rgb(255, 255, 255);\"><strong><span style=\"line-height: 28.5px; font-family: 华文仿宋; font-size: 19px;\">2013</span></strong><strong><span style=\"line-height: 28.5px; font-family: 华文仿宋; font-size: 19px;\">年度脑卒中筛查和干预及新技术推广两个医改项目，继续得到了中央财政的大力支持。其主要目的是通过项目工作，提高医务人员和广大群众对脑卒中防控意识和能力，鼓励各地积极开展心脑血管病高危筛查和干预工作。但目前开展的这些项目工作和民众对慢病防控需求相比，仅是杯水车薪。需要特别强调的是，筛查和干预项目工作应当努力争取当地政府的支持与组织，疾控、医政部门应积极参与现场工作督导，特别疾控和慢性病防治机构，应积极指导和协助基地医院开展基层筛查点的筛查和干预工作，积极协调基层政府和民众的参与，定期督促工作进度和质量，承担起相应的责任，争取将项目工作做好、做实。这里我再次强调，落实整群抽样的原则和达到要求的筛查和干预项目覆盖率是疾控系统必须承担的重要责任，应认真加以落实。</span></strong></p><p style=\"color: rgb(51, 51, 51); font-family: Simsun; font-size: 12px; line-height: 22px; white-space: normal; text-indent: 33px; background-color: rgb(255, 255, 255);\"><strong><span style=\"font-family: 楷体_gb2312; font-size: 19px;\">（二）向各省专家质控负责人开放数据权限，进行数据质控督导。</span></strong></p><p style=\"color: rgb(51, 51, 51); font-family: Simsun; font-size: 12px; white-space: normal; line-height: 18px; text-indent: 33px; background-color: rgb(255, 255, 255);\"><strong><span style=\"line-height: 28.5px; font-family: 华文仿宋; font-size: 19px;\">今年，脑卒中筛查与防治工程委员会与各省、区、市共同授权一名项目质控专家，作为数据跟踪质控具体负责人。届时，我们将为其开通数据权限，使质控专家能够实时监测到本省各项目单位上报的筛查数据及分析统计情况，协助卫生行政部门进行全省数据的质控督导管理工作，确保本省区市的项目工作能够高质量顺利按期完成。</span></strong></p><p style=\"color: rgb(51, 51, 51); font-family: Simsun; font-size: 12px; line-height: 22px; white-space: normal; text-indent: 33px; background-color: rgb(255, 255, 255);\"><strong><span style=\"font-family: 楷体_gb2312; font-size: 19px;\">（三）基地医院领导小组应加强技术实施工作质量控制，落实好自身的职责。</span></strong></p><p style=\"color: rgb(51, 51, 51); font-family: Simsun; font-size: 12px; white-space: normal; line-height: 18px; text-indent: 33px; background-color: rgb(255, 255, 255);\"><strong><span style=\"line-height: 28.5px; font-family: 华文仿宋; font-size: 19px;\">基地医院领导小组在项目开展的每一个环节，都应当主动积极的进行督查、质控。从制定筛查干预方案、资金预算审核、选择筛查点，到现场筛查目标人群，尤其到后期筛查干预数据上报工作、审计工作等均应当审查把关，严格质控。今天下午的数据培训会上，将会就基地医院筛查数据上报的工作流程和质量控制的重点环节做专项培训，请大家积极参加。在今年的项目工作中，要在每双月的中旬向省厅和全国脑防委办公室报告项目进展和资金使用情况，我们将会通过数据管理加强质控工作，并把质控工作情况作为基地医院年终考核的重要指标</span></strong><strong><span style=\"line-height: 28.5px; font-family: 楷体_gb2312; font-size: 19px;\">。</span></strong></p><p style=\"color: rgb(51, 51, 51); font-family: Simsun; font-size: 12px; line-height: 22px; white-space: normal; background-color: rgb(255, 255, 255);\"><strong><span style=\"font-family: 楷体_gb2312; font-size: 19px;\">&nbsp; &nbsp;</span></strong><strong><span style=\"font-family: 楷体_gb2312; font-size: 19px;\">（四）加强脑卒中高危人群的随访工作，对筛查出的高危人群的危险因素给予针对性的干预。</span></strong></p><p style=\"color: rgb(51, 51, 51); font-family: Simsun; font-size: 12px; white-space: normal; line-height: 18px; text-indent: 37px; background-color: rgb(255, 255, 255);\"><strong><span style=\"line-height: 28.5px; font-family: 华文仿宋; font-size: 19px;\">对已筛查出的高危人群主要危险因素的合理控制，是取得项目成效的关键，是切实降低发病率、死亡率、复发率和残疾率的有效手段。因此，随访工作和干预控制是项目工作的重要环节。2013年度项目中特别增加了随访管理工作经费，希望各筛查和干预项目单位能认真开展随访工作，并保证随访数据的科学性、完整性。基地医院要联合基层卫生机构加强对筛查出高危人群的干预管理，控制其危险因素，落实项目的根本目标。</span></strong></p><p style=\"color: rgb(51, 51, 51); font-family: Simsun; font-size: 12px; white-space: normal; line-height: 18px; text-indent: 37px; background-color: rgb(255, 255, 255);\"><strong><span style=\"line-height: 28.5px; font-family: 华文仿宋; font-size: 19px;\">另外，随访管理工作还应注意与卫生部门原有项目的整合。陈竺副委员长在2013年脑卒中大会上指出：各级卫生计生部门可以将脑卒中筛查与防治工程与高血压、糖尿病等防治工作的资源相整合，将脑卒中防控工作纳入城市社区和农村乡镇百姓的健康素养促进行动项目，可以将脑卒中筛查与防治工作与国家基本公共卫生服务项目相结合，在制度、经费、机构和人员等方面予以保障。各地应结合日常工作，研究这两项工作的具体整合办法。</span></strong></p><p style=\"color: rgb(51, 51, 51); font-family: Simsun; font-size: 12px; line-height: 22px; white-space: normal; text-indent: 37px; background-color: rgb(255, 255, 255);\"><strong><span style=\"font-family: 楷体_gb2312; font-size: 19px;\">（五）通过数据对接工作，提高基地医院脑卒中防治工作的成效。</span></strong></p><p style=\"color: rgb(51, 51, 51); font-family: Simsun; font-size: 12px; white-space: normal; line-height: 18px; text-indent: 37px; background-color: rgb(255, 255, 255);\"><strong><span style=\"line-height: 28.5px; font-family: 华文仿宋; font-size: 19px;\">目前，基地医院在开展院内脑卒中高危人群筛查工作中，需要通过二次录入数据实现门诊和住院等数据上报，耗时长，工作效率低。我们通过开发数据对接软件，可以实现大量数据的自动上报功能，大幅度降低基地医院工作强度，提高工作效率。该项工作的意义首先在于把分散在基地医院各相关科室的患者信息统一抽提汇总，为医院建立一个统一的病例信息数据库，便于医院开展科研和质控工作，提高诊疗水平。此项工作，我们将在下午的培训会上做专项培训，希望各基地医院与会的领导参加；如医院领导没有到会的，希望专家在接受完培训后，能及时将相关内容向院领导汇报，早日实现数据的整合和直报工作。</span></strong></p><p style=\"color: rgb(51, 51, 51); font-family: Simsun; font-size: 12px; white-space: normal; line-height: 18px; text-indent: 28px; margin-top: auto; margin-bottom: auto; background-color: rgb(255, 255, 255);\"><strong><span style=\"line-height: 28.5px; font-family: 楷体_gb2312; font-size: 19px;\">（六）积极开展脑卒中防治新技术培训。</span></strong></p><p style=\"color: rgb(51, 51, 51); font-family: Simsun; font-size: 12px; white-space: normal; line-height: 18px; text-indent: 28px; margin-top: auto; margin-bottom: auto; background-color: rgb(255, 255, 255);\"><strong><span style=\"line-height: 28.5px; font-family: 华文仿宋; font-size: 19px;\">临床医务人员作为慢性病防控的主力军，应当积极参与基本防控知识的培训，深刻理解自身岗位防控工作的内涵。如果全体临床医务人员都能掌握慢病防控的主要知识和技能，并在各自的工作岗位上开展了慢性病防控工作，中国的慢病防控局面将会大为改观。各基地医院是我国特色慢病防控模式的探索者。我们也建议基地医院能以脑卒中防控为工作切入点，抓好慢性病防治知识的全员培训，成为全国或当地慢性病防控工作的“领头羊”和“防与治结合”的典范。</span></strong></p><p style=\"color: rgb(51, 51, 51); font-family: Simsun; font-size: 12px; white-space: normal; line-height: 18px; text-indent: 37px; background-color: rgb(255, 255, 255);\"><strong><span style=\"line-height: 28.5px; font-family: 楷体_gb2312; font-size: 19px;\">（七）努力扩大健康教育的覆盖面。</span></strong></p><p style=\"color: rgb(51, 51, 51); font-family: Simsun; font-size: 12px; white-space: normal; line-height: 18px; text-indent: 37px; margin-top: auto; margin-bottom: auto; background-color: rgb(255, 255, 255);\"><strong><span style=\"line-height: 28.5px; font-family: 华文仿宋; font-size: 19px;\">各地卫生行政部门及基地医院，应当注意发挥各人民团体和社会组织的作用，有效运用网络等新兴媒体，针对目前存在的国民预防保健知识缺乏，膳食、运动、吸烟及饮酒等慢性病的危险因素盛行的问题，广泛动员群众，利用“健康义诊周”、“世界卒中日”系列宣传周活动等契机，开展各种形式的健康<a href=\"http://edu.people.com.cn/GB/index.html\" target=\"_blank\" style=\"color: rgb(51, 51, 51); font-size: 12px; text-decoration: none;\"><span style=\"color: rgb(0, 0, 0);\">教育</span></a>和健康促进工作，努力改变人们的不良生活方式。应该说，只有广大群众、特别是临床医务人员真正发动起来之时，就是中国慢性病可控之日。</span></strong></p><p style=\"color: rgb(51, 51, 51); font-family: Simsun; font-size: 12px; white-space: normal; line-height: 18px; text-indent: 37px; margin-top: auto; margin-bottom: auto; background-color: rgb(255, 255, 255);\"><strong><span style=\"line-height: 28.5px; font-family: 华文仿宋; font-size: 19px;\">同志们，展望未来，任重道远，需要我们进一步创新思路，开拓进取，以科学发展观统筹脑卒中防控工作全局。同志们，让我们在全国各省、自治区、直辖市卫生厅局（卫生计生委）及广大专家学者的大力支持下，建立起由疾控机构、基地医院与基层医疗机构密切合作的卒中筛查和干预技术网络服务体系，为维护人民的健康，为探索制定和建立符合中国特点的慢病防控策略和体系做出我们应有的贡献！</span></strong></p><p style=\"color: rgb(51, 51, 51); font-family: Simsun; font-size: 12px; white-space: normal; line-height: 18px; text-indent: 37px; margin-top: auto; margin-bottom: auto; background-color: rgb(255, 255, 255);\"><strong><span style=\"line-height: 28.5px; font-family: 华文仿宋; font-size: 19px;\">本次会议议程紧凑，内容也十分丰富。今天还将召开筛查和干预项目工作及数据培训会，启动脑卒中临床研究项目。明天将召开“苏州国际临床（技术）论坛”暨全国脑卒中防治“中青年精英论坛”，十余位国内外知名专家将发布各自在心脑血管病方面近年来取得的学术成果，研讨我国脑卒中防治工作。</span></strong></p><p style=\"color: rgb(51, 51, 51); font-family: Simsun; font-size: 12px; white-space: normal; line-height: 18px; text-indent: 37px; margin-top: auto; margin-bottom: auto; background-color: rgb(255, 255, 255);\"><strong><span style=\"line-height: 28.5px; font-family: 华文仿宋; font-size: 19px;\">最后，我代表脑防委向在会议及论坛中进行讲座和交流的专家、院长表示衷心的感谢！向本次会议的承办方苏州大学附属第一医院表示衷心的感谢！并预祝“2013年脑卒中防治工程工作会议暨苏州国际临床（技术）论坛”圆满成功。</span></strong></p><p style=\"color: rgb(51, 51, 51); font-family: Simsun; font-size: 12px; white-space: normal; line-height: 18px; text-indent: 37px; margin-top: auto; margin-bottom: auto; background-color: rgb(255, 255, 255);\"><strong><span style=\"line-height: 28.5px; font-family: 华文仿宋; font-size: 19px;\">谢谢大家！</span></strong></p>'), ('11', '12', '<p><span style=\"line-height: 22px; font-family: 宋体; color: rgb(102, 102, 102); font-size: 10.5pt; background-color: rgb(255, 255, 255);\">脑卒中是指急性起病，由于脑局部血液循环障碍所导致的神经功能缺损综合征，症状持续时间至少</span><span style=\"color: rgb(51, 51, 51); font-size: 12px; line-height: 22px; font-family: &#39;color:#666666;font-size:10.5pt;&#39;; background-color: rgb(255, 255, 255);\">24</span><span style=\"line-height: 22px; font-family: 宋体; color: rgb(102, 102, 102); font-size: 10.5pt; background-color: rgb(255, 255, 255);\">小时，但仅仅只有几分钟或数小时的症状也应引起高并重视。脑卒中引起的局灶性症状和体征，与受累脑血管的血供区域一致，但出现弥漫性脑功能障碍时，如心跳骤停引起的全脑缺血，则不属于脑卒中的范畴。</span></p>'), ('12', '13', '<p><span style=\"color: rgb(102, 102, 102);font-family: 宋体;font-size: 12px;line-height: 22px;background-color: rgb(255, 255, 255)\">&nbsp; &nbsp;脑卒中名称很多，如</span><span style=\"color: rgb(102, 102, 102);font-family: 宋体;font-size: 12px;line-height: 22px;background-color: rgb(255, 255, 255)\">“</span><span style=\"color: rgb(102, 102, 102);font-family: 宋体;font-size: 12px;line-height: 22px;background-color: rgb(255, 255, 255)\">脑中风</span><span style=\"color: rgb(102, 102, 102);font-family: 宋体;font-size: 12px;line-height: 22px;background-color: rgb(255, 255, 255)\">”</span><span style=\"color: rgb(102, 102, 102);font-family: 宋体;font-size: 12px;line-height: 22px;background-color: rgb(255, 255, 255)\">、</span><span style=\"color: rgb(102, 102, 102);font-family: 宋体;font-size: 12px;line-height: 22px;background-color: rgb(255, 255, 255)\">“</span><span style=\"color: rgb(102, 102, 102);font-family: 宋体;font-size: 12px;line-height: 22px;background-color: rgb(255, 255, 255)\">脑血管意外</span><span style=\"color: rgb(102, 102, 102);font-family: 宋体;font-size: 12px;line-height: 22px;background-color: rgb(255, 255, 255)\">”</span><span style=\"color: rgb(102, 102, 102);font-family: 宋体;font-size: 12px;line-height: 22px;background-color: rgb(255, 255, 255)\">、</span><span style=\"color: rgb(102, 102, 102);font-family: 宋体;font-size: 12px;line-height: 22px;background-color: rgb(255, 255, 255)\">“</span><span style=\"color: rgb(102, 102, 102);font-family: 宋体;font-size: 12px;line-height: 22px;background-color: rgb(255, 255, 255)\">脑血管病</span><span style=\"color: rgb(102, 102, 102);font-family: 宋体;font-size: 12px;line-height: 22px;background-color: rgb(255, 255, 255)\">”</span><span style=\"color: rgb(102, 102, 102);font-family: 宋体;font-size: 12px;line-height: 22px;background-color: rgb(255, 255, 255)\">。患者糊涂了，我究竟患的是什么病呢？其实，他们诊断的都是一个病。由于这个病来势较快，病势险恶，变化多端，犹如自然界的风一样</span><span style=\"color: rgb(102, 102, 102);font-family: 宋体;font-size: 12px;line-height: 22px;background-color: rgb(255, 255, 255)\">“</span><span style=\"color: rgb(102, 102, 102);font-family: 宋体;font-size: 12px;line-height: 22px;background-color: rgb(255, 255, 255)\">善行多变</span><span style=\"color: rgb(102, 102, 102);font-family: 宋体;font-size: 12px;line-height: 22px;background-color: rgb(255, 255, 255)\">”</span><span style=\"color: rgb(102, 102, 102);font-family: 宋体;font-size: 12px;line-height: 22px;background-color: rgb(255, 255, 255)\">，所经，中医把这类病称为</span><span style=\"color: rgb(102, 102, 102);font-family: 宋体;font-size: 12px;line-height: 22px;background-color: rgb(255, 255, 255)\">“</span><span style=\"color: rgb(102, 102, 102);font-family: 宋体;font-size: 12px;line-height: 22px;background-color: rgb(255, 255, 255)\">脑中风</span><span style=\"color: rgb(102, 102, 102);font-family: 宋体;font-size: 12px;line-height: 22px;background-color: rgb(255, 255, 255)\">”</span><span style=\"color: rgb(102, 102, 102);font-family: 宋体;font-size: 12px;line-height: 22px;background-color: rgb(255, 255, 255)\">。由于 病的发生是脑血管意外地出了毛病，发病突然、难以预料，因此，又叫</span><span style=\"color: rgb(102, 102, 102);font-family: 宋体;font-size: 12px;line-height: 22px;background-color: rgb(255, 255, 255)\">“</span><span style=\"color: rgb(102, 102, 102);font-family: 宋体;font-size: 12px;line-height: 22px;background-color: rgb(255, 255, 255)\">脑血管意外</span><span style=\"color: rgb(102, 102, 102);font-family: 宋体;font-size: 12px;line-height: 22px;background-color: rgb(255, 255, 255)\">”</span><span style=\"color: rgb(102, 102, 102);font-family: 宋体;font-size: 12px;line-height: 22px;background-color: rgb(255, 255, 255)\">。西医则把它称为</span><span style=\"color: rgb(102, 102, 102);font-family: 宋体;font-size: 12px;line-height: 22px;background-color: rgb(255, 255, 255)\">“</span><span style=\"color: rgb(102, 102, 102);font-family: 宋体;font-size: 12px;line-height: 22px;background-color: rgb(255, 255, 255)\">脑血管病。</span></p>'), ('13', '14', '<p style=\"color: rgb(51, 51, 51);font-family: Simsun;font-size: 12px;line-height: 22px;white-space: normal;text-indent: 35px;background-color: rgb(255, 255, 255)\"><span style=\"font-family: 宋体;color: rgb(102, 102, 102)\">脑卒中通常分为缺血性脑卒中和出血性脑卒中两大类。</span></p><p style=\"color: rgb(51, 51, 51);font-family: Simsun;font-size: 12px;line-height: 22px;white-space: normal;text-indent: 35px;background-color: rgb(255, 255, 255)\"><span style=\"font-family: 宋体;color: rgb(102, 102, 102)\">缺血性脑卒中主要包括：</span></p><p style=\"color: rgb(51, 51, 51);font-family: Simsun;font-size: 12px;line-height: 22px;white-space: normal;text-indent: 35px;background-color: rgb(255, 255, 255)\"><span style=\"font-family: 宋体;color: rgb(102, 102, 102)\">（</span><span style=\"color: rgb(102, 102, 102)\">1</span><span style=\"font-family: 宋体;color: rgb(102, 102, 102)\">）短暂性脑缺血发作（</span><span style=\"color: rgb(102, 102, 102)\">TIA</span><span style=\"font-family: 宋体;color: rgb(102, 102, 102)\">，又叫小脑卒中或一过性脑缺血发作），是脑组织短暂性、缺血性、局灶性损害所致的功能障碍。</span></p><p style=\"color: rgb(51, 51, 51);font-family: Simsun;font-size: 12px;line-height: 22px;white-space: normal;text-indent: 35px;background-color: rgb(255, 255, 255)\"><span style=\"font-family: 宋体;color: rgb(102, 102, 102)\">（</span><span style=\"color: rgb(102, 102, 102)\">2</span><span style=\"font-family: 宋体;color: rgb(102, 102, 102)\">）脑梗死，包括脑血栓和脑栓塞。</span><span style=\"color: rgb(102, 102, 102)\">1</span><span style=\"font-family: 宋体;color: rgb(102, 102, 102)\">）脑血栓形成：多由动脉粥样硬化、各种动脉炎、外伤及其他物理因素、血液病引起脑血管局部病变形成的血凝块堵塞而发病。</span><span style=\"color: rgb(102, 102, 102)\">2</span><span style=\"font-family: 宋体;color: rgb(102, 102, 102)\">）脑栓塞：可有多种疾病产生的栓子进入血液，阻塞脑部血管而诱发。临床上以心脏疾病为最常见的原因；其次是骨折或外伤后脂肪入血；虫卵或细菌感染；气胸等空气入血，静脉炎形成 的栓子等因素，栓塞了脑血管所致。</span></p><p style=\"color: rgb(51, 51, 51);font-family: Simsun;font-size: 12px;line-height: 22px;white-space: normal;text-indent: 28px;background-color: rgb(255, 255, 255)\"><span style=\"font-family: 宋体;color: rgb(102, 102, 102)\">出血性脑卒中主要包括：</span><span style=\"color: rgb(102, 102, 102)\">1</span><span style=\"font-family: 宋体;color: rgb(102, 102, 102)\">）脑出血：系指脑实质血管破裂出血，不包括外伤性脑出血。多由高血压、脑动脉硬化、肿瘤等引起。</span><span style=\"color: rgb(102, 102, 102)\">2</span><span style=\"font-family: 宋体;color: rgb(102, 102, 102)\">）蛛网膜下腔出血：由于脑表面和脑底部的血管破裂出血，血液直接流入蛛网膜下腔所致。常见原因有动脉瘤破裂、血管畸形、高血压、动脉硬化、血液病等。</span></p><p><br/></p>'), ('14', '18', ''), ('15', '19', '<p style=\"white-space: normal;\"><span style=\"color: rgb(51, 51, 51); font-family: Simsun; font-size: 12px; line-height: 22px; background-color: rgb(255, 255, 255);\">人民网北京12月19日电（马丽 赵竹青）今天，中国科学院公布已通过选举产生53名2013年新院士。著名“海归”科学家施一公当选2013年中科院新增选院士。另有9名外籍院士当选。</span></p><p style=\"white-space: normal; color: rgb(51, 51, 51); font-family: Simsun; font-size: 12px; line-height: 22px; background-color: rgb(255, 255, 255);\">中科院今天下午在官网发布《关于公布2013年中国科学院院士增选和外籍院士选举结果的公告》，公告表示，选举结果根据《中国科学院院士章程》和《中国科学院院士增选工作实施细则》规定产生。</p><p style=\"white-space: normal; color: rgb(51, 51, 51); font-family: Simsun; font-size: 12px; line-height: 22px; background-color: rgb(255, 255, 255);\">名单显示，2013年中国科学院新当选的53名院士中，最年轻的来自中国科学技术大学的女科学家谢毅，她从事无机化学研究，今年仅45岁。来自复旦大学的凝聚态物理学家孙鑫则是本届当选中科院院士中最年长的一位。</p><p style=\"white-space: normal; color: rgb(51, 51, 51); font-family: Simsun; font-size: 12px; line-height: 22px; background-color: rgb(255, 255, 255);\">此前最受媒体关注的施一公成功当选今年中科院的生命科学学部院士。据了解，施一公是中国著名的结构生物学家，国家杰出青年基金获得者，“千人计划”首批国家特聘专家；他今年当选为美国艺术与科学院外籍院士，美国科学院外籍院士，成为美国双院外籍院士。今年9月，施一公还获瑞典皇家科学院爱明诺夫奖，奖励他运用X-射线晶体学手段在细胞凋亡研究领域做出的突出贡献，是该奖设立35年来首次颁给中国科学家。</p><p style=\"white-space: normal; color: rgb(51, 51, 51); font-family: Simsun; font-size: 12px; line-height: 22px; text-indent: 2em; background-color: rgb(255, 255, 255);\"><span style=\"text-indent: 2em;\">名单如下：</span></p><p style=\"white-space: normal; text-align: center; color: rgb(51, 51, 51); font-family: Simsun; font-size: 12px; line-height: 22px; background-color: rgb(255, 255, 255);\"><strong>2013</strong><strong>年新当选中国科学院院士名单</strong></p><p style=\"white-space: normal; text-align: center; color: rgb(51, 51, 51); font-family: Simsun; font-size: 12px; line-height: 22px; background-color: rgb(255, 255, 255);\">（共53人，分学部以姓氏笔画为序）</p><p style=\"white-space: normal; text-align: center; color: rgb(51, 51, 51); font-family: Simsun; font-size: 12px; line-height: 22px; background-color: rgb(255, 255, 255);\"><strong>数学物理学部（9人）</strong>&nbsp;<strong>&nbsp;</strong></p><table width=\"80%\" cellspacing=\"0\" cellpadding=\"2\"><tbody><tr class=\"firstRow\"><td>序号</td><td><strong>姓名</strong></td><td><strong>年龄</strong></td><td><strong>专业</strong></td><td><strong>工作单位</strong></td></tr><tr><td><p>1</p></td><td><p>向涛</p></td><td><p>50</p></td><td><p>凝聚态理论</p></td><td><p>中国科学院物理研究所</p></td></tr><tr><td><p>2</p></td><td><p>孙鑫</p></td><td><p>74</p></td><td><p>凝聚态物理</p></td><td><p>复旦大学</p></td></tr><tr><td><p>3</p></td><td><p>励建书</p></td><td><p>53</p></td><td><p>数学</p></td><td><p>香港科技大学</p></td></tr><tr><td><p>4</p></td><td><p>汪景琇</p></td><td><p>69</p></td><td><p>太阳物理</p></td><td><p>中国科学院国家天文台</p></td></tr><tr><td><p>5</p></td><td><p>陈十一</p></td><td><p>56</p></td><td><p>力学</p></td><td><p>北京大学</p></td></tr><tr><td><p>6</p></td><td><p>陈恕行</p></td><td><p>72</p></td><td><p>数学</p></td><td><p>复旦大学</p></td></tr><tr><td><p>7</p></td><td><p>欧阳颀</p></td><td><p>57</p></td><td><p>凝聚态物理</p></td><td><p>北京大学</p></td></tr><tr><td><p>8</p></td><td><p>周向宇</p></td><td><p>48</p></td><td><p>基础数学</p></td><td><p>中国科学院数学与系统科学研究院</p></td></tr><tr><td><p>9</p></td><td><p>赵政国</p></td><td><p>56</p></td><td><p>粒子物理与原子核物理</p></td><td><p>中国科学技术大学</p></td></tr></tbody></table><p style=\"white-space: normal; text-align: center; color: rgb(51, 51, 51); font-family: Simsun; font-size: 12px; line-height: 22px; background-color: rgb(255, 255, 255);\"><strong>化学部（</strong><strong>9</strong><strong>人）</strong></p><table width=\"80%\" cellspacing=\"0\" cellpadding=\"2\"><tbody><tr class=\"firstRow\"><td>序号</td><td><strong>姓名</strong></td><td><strong>年龄</strong></td><td><strong>专业</strong></td><td><strong>工作单位</strong></td></tr><tr><td><p>1</p></td><td><p>丁奎岭</p></td><td><p>47</p></td><td><p>有机化学</p></td><td><p>中国科学院上海有机化学研究所</p></td></tr><tr><td><p>2</p></td><td><p>方维海</p></td><td><p>57</p></td><td><p>物理化学</p></td><td><p>北京师范大学</p></td></tr><tr><td><p>3</p></td><td><p>冯小明</p></td><td><p>49</p></td><td><p>有机化学</p></td><td><p>四川大学</p></td></tr><tr><td><p>4</p></td><td><p>李永舫</p></td><td><p>64</p></td><td><p>高分子化学与物理</p></td><td><p>中国科学院化学研究所</p></td></tr><tr><td><p>5</p></td><td><p>杨秀荣</p><p>（女）</p></td><td><p>67</p></td><td><p>分析化学</p></td><td><p>中国科学院长春应用化学研究所</p></td></tr><tr><td><p>6</p></td><td><p>张洪杰</p></td><td><p>59</p></td><td><p>无机化学</p></td><td><p>中国科学院长春应用化学研究所</p></td></tr><tr><td><p>7</p></td><td><p>张涛</p></td><td><p>49</p></td><td><p>化工（工业催化）</p></td><td><p>中国科学院大连化学物理研究所</p></td></tr><tr><td><p>8</p></td><td><p>韩布兴</p></td><td><p>55</p></td><td><p>物理化学</p></td><td><p>中国科学院化学研究所</p></td></tr><tr><td><p>9</p></td><td><p>谢毅</p><p>（女）</p></td><td><p>45</p></td><td><p>无机化学</p></td><td><p>中国科学技术大学</p></td></tr></tbody></table><p style=\"white-space: normal; text-align: center; color: rgb(51, 51, 51); font-family: Simsun; font-size: 12px; line-height: 22px; background-color: rgb(255, 255, 255);\"><strong>生命科学和医学学部（9人）</strong></p><table width=\"80%\" cellspacing=\"0\" cellpadding=\"2\"><tbody><tr class=\"firstRow\"><td>序号</td><td><strong>姓名</strong></td><td><strong>年龄</strong></td><td><strong>专业</strong></td><td><strong>工作单位</strong></td></tr><tr><td><p>1</p></td><td><p>金力</p></td><td><p>50</p></td><td><p>进化遗传学</p></td><td><p>复旦大学</p></td></tr><tr><td><p>2</p></td><td><p>赵继宗</p></td><td><p>67</p></td><td><p>神经外科学</p></td><td><p>首都医科大学</p></td></tr><tr><td><p>3</p></td><td><p>施一公</p></td><td><p>46</p></td><td><p>生物物理学</p></td><td><p>清华大学</p></td></tr><tr><td><p>4</p></td><td><p>桂建芳</p></td><td><p>57</p></td><td><p>鱼类遗传育种</p></td><td><p>中国科学院水生生物研究所</p></td></tr><tr><td><p>5</p></td><td><p>高福</p></td><td><p>51</p></td><td><p>病原微生物学与免疫学</p></td><td><p>中国疾病预防控制中心、中国科学院微生物研究所</p></td></tr><tr><td><p>6</p></td><td><p>韩家淮</p></td><td><p>53</p></td><td><p>细胞生物学</p></td><td><p>厦门大学</p></td></tr><tr><td><p>7</p></td><td><p>韩斌</p></td><td><p>50</p></td><td><p>作物遗传与基因组学</p></td><td><p>中国科学院上海生命科学研究院</p></td></tr><tr><td><p>8</p></td><td><p>程和平</p></td><td><p>50</p></td><td><p>细胞生物学和生物物理学</p></td><td><p>北京大学</p></td></tr><tr><td><p>9</p></td><td><p>赫捷</p></td><td><p>52</p></td><td><p>胸外科</p></td><td><p>中国医学科学院肿瘤医院</p></td></tr></tbody></table><p style=\"white-space: normal; text-align: center; color: rgb(51, 51, 51); font-family: Simsun; font-size: 12px; line-height: 22px; background-color: rgb(255, 255, 255);\"><strong>地学部（10人）</strong></p><table width=\"80%\" cellspacing=\"0\" cellpadding=\"2\"><tbody><tr class=\"firstRow\"><td>序号</td><td><strong>姓名</strong></td><td><strong>年龄</strong></td><td><strong>专业</strong></td><td><strong>工作单位</strong></td></tr><tr><td><p>1</p></td><td><p>王成善</p></td><td><p>61</p></td><td><p>沉积学</p></td><td><p>中国地质大学（北京）</p></td></tr><tr><td><p>2</p></td><td><p>王会军</p></td><td><p>49</p></td><td><p>大气科学</p></td><td><p>中国科学院大气物理研究所</p></td></tr><tr><td><p>3</p></td><td><p>吴立新</p></td><td><p>46</p></td><td><p>物理海洋学</p></td><td><p>中国海洋大学</p></td></tr><tr><td><p>4</p></td><td><p>张培震</p></td><td><p>57</p></td><td><p>地震动力学</p></td><td><p>中国地震局地质研究所</p></td></tr><tr><td><p>5</p></td><td><p>陈骏</p></td><td><p>58</p></td><td><p>地球化学</p></td><td><p>南京大学</p></td></tr><tr><td><p>6</p></td><td><p>金之钧</p></td><td><p>55</p></td><td><p>石油地质学</p></td><td><p>中国石油化工股份有限公司石油勘探开发研究院</p></td></tr><tr><td><p>7</p></td><td><p>周成虎</p></td><td><p>48</p></td><td><p>地图学与地理信息系统</p></td><td><p>中国科学院地理科学与资源研究所</p></td></tr><tr><td><p>8</p></td><td><p>郭正堂</p></td><td><p>49</p></td><td><p>新生代地质与环境</p></td><td><p>中国科学院地质与地球物理研究所</p></td></tr><tr><td><p>9</p></td><td><p>崔鹏</p></td><td><p>55</p></td><td><p>自然地理学与水土保持学</p></td><td><p>中国科学院水利部成都山地灾害与环境研究所</p></td></tr><tr><td><p>10</p></td><td><p>彭平安</p></td><td><p>52</p></td><td><p>有机地球化学</p></td><td><p>中国科学院广州地球化学研究所</p></td></tr></tbody></table><p style=\"white-space: normal; text-align: center; color: rgb(51, 51, 51); font-family: Simsun; font-size: 12px; line-height: 22px; background-color: rgb(255, 255, 255);\"><strong>信息技术科学部（7人）</strong></p><table width=\"80%\" cellspacing=\"0\" cellpadding=\"2\"><tbody><tr class=\"firstRow\"><td>序号</td><td><strong>姓名</strong></td><td><strong>年龄</strong></td><td><strong>专业</strong></td><td><strong>工作单位</strong></td></tr><tr><td><p>1</p></td><td><p>王立军</p></td><td><p>66</p></td><td><p>光电子学</p></td><td><p>中国科学院长春光学精密机械与物理研究所</p></td></tr><tr><td><p>2</p></td><td><p>王巍</p></td><td><p>46</p></td><td><p>导航、制导与控制</p></td><td><p>中国航天科技集团公司第九研究院</p></td></tr><tr><td><p>3</p></td><td><p>尹浩</p></td><td><p>53</p></td><td><p>通信网络与信息系统</p></td><td><p>中国人民解放军总参谋部第六十一研究所</p></td></tr><tr><td><p>4</p></td><td><p>吕建</p></td><td><p>53</p></td><td><p>计算机软件</p></td><td><p>南京大学</p></td></tr><tr><td><p>5</p></td><td><p>郝跃</p></td><td><p>55</p></td><td><p>微电子学</p></td><td><p>西安电子科技大学</p></td></tr><tr><td><p>6</p></td><td><p>龚旗煌</p></td><td><p>48</p></td><td><p>非线性光学、超快光子学</p></td><td><p>北京大学</p></td></tr><tr><td><p>7</p></td><td><p>谭铁牛</p></td><td><p>49</p></td><td><p>模式识别与计算机视觉</p></td><td><p>中国科学院自动化研究所</p></td></tr></tbody></table><p style=\"white-space: normal; text-align: center; color: rgb(51, 51, 51); font-family: Simsun; font-size: 12px; line-height: 22px; background-color: rgb(255, 255, 255);\"><strong>技术科学部（9人）</strong></p><table width=\"80%\" cellspacing=\"0\" cellpadding=\"2\"><tbody><tr class=\"firstRow\"><td>序号</td><td><strong>姓名</strong></td><td><strong>年龄</strong></td><td><strong>专业</strong></td><td><strong>工作单位</strong></td></tr><tr><td><p>1</p></td><td><p>丁汉</p></td><td><p>49</p></td><td><p>机械电子工程</p></td><td><p>华中科技大学</p></td></tr><tr><td><p>2</p></td><td><p>方岱宁</p></td><td><p>55</p></td><td><p>固体力学</p></td><td><p>北京大学</p></td></tr><tr><td><p>3</p></td><td><p>成会明</p></td><td><p>49</p></td><td><p>材料科学与工程</p></td><td><p>中国科学院金属研究所</p></td></tr><tr><td><p>4</p></td><td><p>刘维民</p></td><td><p>50</p></td><td><p>润滑材料与技术</p></td><td><p>中国科学院兰州化学物理研究所</p></td></tr><tr><td><p>5</p></td><td><p>李应红</p></td><td><p>50</p></td><td><p>航空推进技术</p></td><td><p>中国人民解放军空军工程大学</p></td></tr><tr><td><p>6</p></td><td><p>邱勇</p></td><td><p>48</p></td><td><p>有机光电材料</p></td><td><p>清华大学</p></td></tr><tr><td><p>7</p></td><td><p>何满潮</p></td><td><p>57</p></td><td><p>矿山工程岩体力学</p></td><td><p>中国矿业大学（北京）</p></td></tr><tr><td><p>8</p></td><td><p>金红光</p></td><td><p>56</p></td><td><p>工程热物理</p></td><td><p>中国科学院工程热物理研究所</p></td></tr><tr><td><p>9</p></td><td><p>高德利</p></td><td><p>55</p></td><td><p>油气钻探与开采</p></td><td><p>中国石油大学（北京）</p></td></tr></tbody></table><p style=\"white-space: normal; text-align: center; color: rgb(51, 51, 51); font-family: Simsun; font-size: 12px; line-height: 22px; background-color: rgb(255, 255, 255);\"><strong>2013</strong><strong>年新当选中国科学院外籍院士名单</strong></p><p style=\"white-space: normal; text-align: center; color: rgb(51, 51, 51); font-family: Simsun; font-size: 12px; line-height: 22px; background-color: rgb(255, 255, 255);\">（按英文姓氏音序排序）</p><table width=\"80%\" cellspacing=\"0\" cellpadding=\"2\"><tbody><tr class=\"firstRow\"><td>序号</td><td><strong>姓名</strong></td><td><strong>年龄</strong></td><td><strong>国家</strong></td><td><strong>工作单位</strong></td><td><br/></td></tr><tr><td><p>1</p></td><td><p>克里斯汀 阿芒托</p><p>Christian Amatore</p></td><td><p>62</p></td><td><p>法国</p></td><td><p>法国巴黎高等师范学院</p></td><td><p>化学</p></td></tr><tr><td><p>2</p></td><td><p>弗莱明 贝森巴赫</p><p>Flemming Besenbacher</p></td><td><p>61</p></td><td><p>丹麦</p></td><td><p>丹麦奥胡斯大学</p></td><td><p>物理化学</p></td></tr><tr><td><p>3</p></td><td><p>阿龙 切哈诺沃</p><p>Aaron Ciechanover</p></td><td><p>66</p></td><td><p>以色列</p></td><td><p>南京大学</p></td><td><p>生物化学</p></td></tr><tr><td><p>4</p></td><td><p>雅各布 帕里斯</p><p>Jacob Palis</p></td><td><p>73</p></td><td><p>巴西</p></td><td><p>巴西国家纯数学与应用数学研究所</p></td><td><p>数学</p></td></tr><tr><td><p>5</p></td><td><p>拉奥</p><p>C. N. R. Rao</p></td><td><p>79</p></td><td><p>印度</p></td><td><p>印度贾瓦哈拉尔 尼赫鲁先进科技研究中心</p></td><td><p>化学</p></td></tr><tr><td><p>6</p></td><td><p>苏布拉 苏雷什</p><p>Subra Suresh</p></td><td><p>57</p></td><td><p>美国</p></td><td><p>美国麻省理工学院</p></td><td><p>材料科学、固体力学</p></td></tr><tr><td><p>7</p></td><td><p>王晓东</p><p>Xiaodong Wang</p></td><td><p>50</p></td><td><p>美国</p></td><td><p>北京生命科学研究所</p></td><td><p>生物化学</p></td></tr><tr><td><p>8</p></td><td><p>迈克 沃特曼</p><p>Michael S. Waterman</p></td><td><p>71</p></td><td><p>美国</p></td><td><p>美国南加州大学、清华大学</p></td><td><p>计算生物学</p></td></tr><tr><td><p>9</p></td><td><p>张首晟</p><p>Shou-Cheng Zhang</p></td><td><p>50</p></td><td><p>美国</p></td><td><p>美国斯坦福大学</p></td><td><p>凝聚态/材料物理</p></td></tr></tbody></table>'), ('16', '20', '<p style=\"margin-bottom: 0px; white-space: normal; color: rgb(51, 51, 51); font-family: Simsun; font-size: 12px; line-height: 25px; background: white;\"><span style=\"color: rgb(64, 64, 64); font-size: 14px;\">脑卒中已成为全球第二大常见死因。既往虽有关于高收入国家脑卒中流行病学研究，但是尚无囊括低</span><span style=\"color: rgb(64, 64, 64); font-family: helvetica, sans-serif; font-size: 14px;\">-</span><span style=\"color: rgb(64, 64, 64); font-size: 14px;\">中等收入国家的全球大范围的脑卒中相关研究。</span></p><p style=\"margin-bottom: 0px; white-space: normal; color: rgb(51, 51, 51); font-family: Simsun; font-size: 12px; line-height: 25px; background: white;\"><span style=\"color: rgb(64, 64, 64); font-size: 14px;\">最近，</span><span style=\"color: rgb(64, 64, 64); font-family: helvetica, sans-serif; font-size: 14px;\">&nbsp;Valery</span><span style=\"color: rgb(64, 64, 64); font-size: 14px;\">等通过分析</span><span style=\"color: rgb(64, 64, 64); font-family: helvetica, sans-serif; font-size: 14px;\">“</span><span style=\"color: rgb(64, 64, 64); font-size: 14px;\">全球疾病、伤病负担及危险因素研究（</span><span style=\"color: rgb(64, 64, 64); font-family: helvetica, sans-serif; font-size: 14px;\">GBD2010</span><span style=\"color: rgb(64, 64, 64); font-size: 14px;\">）</span><span style=\"color: rgb(64, 64, 64); font-family: helvetica, sans-serif; font-size: 14px;\">”</span><span style=\"color: rgb(64, 64, 64); font-size: 14px;\">数据，首次为我们呈现</span><span style=\"color: rgb(64, 64, 64); font-family: helvetica, sans-serif; font-size: 14px;\">21</span><span style=\"color: rgb(64, 64, 64); font-size: 14px;\">世纪全球脑卒中概貌，相关结果发表在</span><span style=\"color: rgb(64, 64, 64); font-family: helvetica, sans-serif; font-size: 14px;\">2014</span><span style=\"color: rgb(64, 64, 64); font-size: 14px;\">年</span><span style=\"color: rgb(64, 64, 64); font-family: helvetica, sans-serif; font-size: 14px;\">1</span><span style=\"color: rgb(64, 64, 64); font-size: 14px;\">月</span><span style=\"color: rgb(64, 64, 64); font-family: helvetica, sans-serif; font-size: 14px;\">18</span><span style=\"color: rgb(64, 64, 64); font-size: 14px;\">日的柳叶刀杂志。</span></p><p style=\"margin-bottom: 0px; white-space: normal; color: rgb(51, 51, 51); font-family: Simsun; font-size: 12px; line-height: 25px; background: white;\"><span style=\"color: rgb(64, 64, 64); font-size: 14px;\">研究者通过全面检索</span><span style=\"color: rgb(64, 64, 64); font-family: helvetica, sans-serif; font-size: 14px;\">Medline</span><span style=\"color: rgb(64, 64, 64); font-size: 14px;\">、</span><span style=\"color: rgb(64, 64, 64); font-family: helvetica, sans-serif; font-size: 14px;\">Embase</span><span style=\"color: rgb(64, 64, 64); font-size: 14px;\">及</span><span style=\"color: rgb(64, 64, 64); font-family: helvetica, sans-serif; font-size: 14px;\">LILACS</span><span style=\"color: rgb(64, 64, 64); font-size: 14px;\">等多个数据库，纳入</span><span style=\"color: rgb(64, 64, 64); font-family: helvetica, sans-serif; font-size: 14px;\">1990-2010</span><span style=\"color: rgb(64, 64, 64); font-size: 14px;\">年发表的</span><span style=\"color: rgb(64, 64, 64); font-family: helvetica, sans-serif; font-size: 14px;\">119</span><span style=\"color: rgb(64, 64, 64); font-size: 14px;\">个研究，涉及全球</span><span style=\"color: rgb(64, 64, 64); font-family: helvetica, sans-serif; font-size: 14px;\">21</span><span style=\"color: rgb(64, 64, 64); font-size: 14px;\">个不同收入水平国家。应用</span><span style=\"color: rgb(64, 64, 64); font-family: helvetica, sans-serif; font-size: 14px;\">GBD2010</span><span style=\"color: rgb(64, 64, 64); font-size: 14px;\">疾病分析技术</span><span style=\"color: rgb(64, 64, 64); font-family: helvetica, sans-serif; font-size: 14px;\">(DisMod-MR)</span><span style=\"color: rgb(64, 64, 64); font-size: 14px;\">，计算</span><span style=\"color: rgb(64, 64, 64); font-family: helvetica, sans-serif; font-size: 14px;\">1990</span><span style=\"color: rgb(64, 64, 64); font-size: 14px;\">、</span><span style=\"color: rgb(64, 64, 64); font-family: helvetica, sans-serif; font-size: 14px;\">2005</span><span style=\"color: rgb(64, 64, 64); font-size: 14px;\">及</span><span style=\"color: rgb(64, 64, 64); font-family: helvetica, sans-serif; font-size: 14px;\">2010</span><span style=\"color: rgb(64, 64, 64); font-size: 14px;\">年不同收入水平、不同年龄组以及总的脑卒中相关流行病学数据</span><span style=\"color: rgb(64, 64, 64); font-family: helvetica, sans-serif; font-size: 14px;\">——</span><span style=\"color: rgb(64, 64, 64); font-size: 14px;\">发病率、患病率、死亡率以及伤残调整生命年</span><span style=\"color: rgb(64, 64, 64); font-family: helvetica, sans-serif; font-size: 14px;\">(disability-adjustedlife year, DALY)</span><span style=\"color: rgb(64, 64, 64); font-size: 14px;\">。</span></p><p style=\"margin-bottom: 0px; white-space: normal; color: rgb(51, 51, 51); font-family: Simsun; font-size: 12px; line-height: 25px; background: white;\"><span style=\"color: rgb(64, 64, 64); font-size: 14px;\">结果显示，</span><span style=\"color: rgb(64, 64, 64); font-family: helvetica, sans-serif; font-size: 14px;\">1990</span><span style=\"color: rgb(64, 64, 64); font-size: 14px;\">年到</span><span style=\"color: rgb(64, 64, 64); font-family: helvetica, sans-serif; font-size: 14px;\">2010</span><span style=\"color: rgb(64, 64, 64); font-size: 14px;\">年，高收入水平国家脑卒中年龄标准化发病率显著减少了</span><span style=\"color: rgb(64, 64, 64); font-family: helvetica, sans-serif; font-size: 14px;\">12%</span><span style=\"color: rgb(64, 64, 64); font-size: 14px;\">（</span><span style=\"color: rgb(64, 64, 64); font-family: helvetica, sans-serif; font-size: 14px;\">95%CI 6-17</span><span style=\"color: rgb(64, 64, 64); font-size: 14px;\">），这提示一些卒中预防措施可能已经见效。</span></p><p style=\"margin-bottom: 0px; white-space: normal; color: rgb(51, 51, 51); font-family: Simsun; font-size: 12px; line-height: 25px; background: white;\"><span style=\"color: rgb(64, 64, 64); font-size: 14px;\">而在低</span><span style=\"color: rgb(64, 64, 64); font-family: helvetica, sans-serif; font-size: 14px;\">-</span><span style=\"color: rgb(64, 64, 64); font-size: 14px;\">中等收入国家发病率却增加了</span><span style=\"color: rgb(64, 64, 64); font-family: helvetica, sans-serif; font-size: 14px;\">12%</span><span style=\"color: rgb(64, 64, 64); font-size: 14px;\">（</span><span style=\"color: rgb(64, 64, 64); font-family: helvetica, sans-serif; font-size: 14px;\">95%CI -3</span><span style=\"color: rgb(64, 64, 64); font-size: 14px;\">至</span><span style=\"color: rgb(64, 64, 64); font-family: helvetica, sans-serif; font-size: 14px;\">22</span><span style=\"color: rgb(64, 64, 64); font-size: 14px;\">），究其原因可能是这些地区心血管危险因素有所增加。然而，在低</span><span style=\"color: rgb(64, 64, 64); font-family: helvetica, sans-serif; font-size: 14px;\">-</span><span style=\"color: rgb(64, 64, 64); font-size: 14px;\">中等收入国家，因患者就医意识不强，这些数据还可能存在低估。</span></p><p style=\"margin-bottom: 0px; white-space: normal; color: rgb(51, 51, 51); font-family: Simsun; font-size: 12px; line-height: 25px; text-indent: 28px; background: white;\"><span style=\"color: rgb(64, 64, 64); font-size: 14px;\">但是，脑卒中死亡率都显著下降，其中发达国家下降</span><span style=\"color: rgb(64, 64, 64); font-family: helvetica, sans-serif; font-size: 14px;\">37%</span><span style=\"color: rgb(64, 64, 64); font-size: 14px;\">（</span><span style=\"color: rgb(64, 64, 64); font-family: helvetica, sans-serif; font-size: 14px;\">95%CI 31–41</span><span style=\"color: rgb(64, 64, 64); font-size: 14px;\">），低</span><span style=\"color: rgb(64, 64, 64); font-family: helvetica, sans-serif; font-size: 14px;\">-</span><span style=\"color: rgb(64, 64, 64); font-size: 14px;\">中等收入国家下降</span><span style=\"color: rgb(64, 64, 64); font-family: helvetica, sans-serif; font-size: 14px;\">20%</span><span style=\"color: rgb(64, 64, 64); font-size: 14px;\">（</span><span style=\"color: rgb(64, 64, 64); font-family: helvetica, sans-serif; font-size: 14px;\">95%CI 15–30</span><span style=\"color: rgb(64, 64, 64); font-size: 14px;\">），这得益于卒中患者治疗上的进步。</span></p><p style=\"margin-bottom: 0px; white-space: normal; color: rgb(51, 51, 51); font-family: Simsun; font-size: 12px; line-height: 25px; background: white;\"><span style=\"color: rgb(64, 64, 64); font-family: helvetica, sans-serif; font-size: 14px;\">2010</span><span style=\"color: rgb(64, 64, 64); font-size: 14px;\">年，新发脑卒中患者绝对数为</span><span style=\"color: rgb(64, 64, 64); font-family: helvetica, sans-serif; font-size: 14px;\">1690</span><span style=\"color: rgb(64, 64, 64); font-size: 14px;\">万，卒中幸存者为</span><span style=\"color: rgb(64, 64, 64); font-family: helvetica, sans-serif; font-size: 14px;\">3300</span><span style=\"color: rgb(64, 64, 64); font-size: 14px;\">万，死于卒中相关疾病患者共</span><span style=\"color: rgb(64, 64, 64); font-family: helvetica, sans-serif; font-size: 14px;\">590</span><span style=\"color: rgb(64, 64, 64); font-size: 14px;\">万，</span><span style=\"color: rgb(64, 64, 64); font-family: helvetica, sans-serif; font-size: 14px;\">DALYs</span><span style=\"color: rgb(64, 64, 64); font-size: 14px;\">减少约一亿两百万。这些比</span><span style=\"color: rgb(64, 64, 64); font-family: helvetica, sans-serif; font-size: 14px;\">1990</span><span style=\"color: rgb(64, 64, 64); font-size: 14px;\">年分别显著增加了</span><span style=\"color: rgb(64, 64, 64); font-family: helvetica, sans-serif; font-size: 14px;\">68%</span><span style=\"color: rgb(64, 64, 64); font-size: 14px;\">，</span><span style=\"color: rgb(64, 64, 64); font-family: helvetica, sans-serif; font-size: 14px;\">84%</span><span style=\"color: rgb(64, 64, 64); font-size: 14px;\">，</span><span style=\"color: rgb(64, 64, 64); font-family: helvetica, sans-serif; font-size: 14px;\">26%</span><span style=\"color: rgb(64, 64, 64); font-size: 14px;\">以及</span><span style=\"color: rgb(64, 64, 64); font-family: helvetica, sans-serif; font-size: 14px;\">12%</span><span style=\"color: rgb(64, 64, 64); font-size: 14px;\">。而其中，主要疾病负担都来自于低</span><span style=\"color: rgb(64, 64, 64); font-family: helvetica, sans-serif; font-size: 14px;\">-</span><span style=\"color: rgb(64, 64, 64); font-size: 14px;\">中等收入国家。研究者分析人口增长和老龄化现象也是原因之一。</span></p><p style=\"margin-bottom: 0px; white-space: normal; color: rgb(51, 51, 51); font-family: Simsun; font-size: 12px; line-height: 25px; text-indent: 28px; background: white;\"><span style=\"color: rgb(64, 64, 64); font-size: 14px;\">研究还发现，很大一部分卒中疾病负担来自于年龄小于</span><span style=\"color: rgb(64, 64, 64); font-family: helvetica, sans-serif; font-size: 14px;\">75</span><span style=\"color: rgb(64, 64, 64); font-size: 14px;\">岁人群。数据显示，此人群占</span><span style=\"color: rgb(64, 64, 64); font-family: helvetica, sans-serif; font-size: 14px;\">62%</span><span style=\"color: rgb(64, 64, 64); font-size: 14px;\">新发卒中、</span><span style=\"color: rgb(64, 64, 64); font-family: helvetica, sans-serif; font-size: 14px;\">69.8%</span><span style=\"color: rgb(64, 64, 64); font-size: 14px;\">卒中患病者、</span><span style=\"color: rgb(64, 64, 64); font-family: helvetica, sans-serif; font-size: 14px;\">45.5%</span><span style=\"color: rgb(64, 64, 64); font-size: 14px;\">死于卒中患者以及</span><span style=\"color: rgb(64, 64, 64); font-family: helvetica, sans-serif; font-size: 14px;\">71.7%</span><span style=\"color: rgb(64, 64, 64); font-size: 14px;\">减少的</span><span style=\"color: rgb(64, 64, 64); font-family: helvetica, sans-serif; font-size: 14px;\">DALYs</span><span style=\"color: rgb(64, 64, 64); font-size: 14px;\">。</span></p><p style=\"margin-bottom: 0px; white-space: normal; color: rgb(51, 51, 51); font-family: Simsun; font-size: 12px; line-height: 25px; background: white;\"><span style=\"color: rgb(64, 64, 64); font-size: 14px;\">令人担忧的是，儿童（定义年龄小于</span><span style=\"color: rgb(64, 64, 64); font-family: helvetica, sans-serif; font-size: 14px;\">20</span><span style=\"color: rgb(64, 64, 64); font-size: 14px;\">岁）以及青中年（年龄</span><span style=\"color: rgb(64, 64, 64); font-family: helvetica, sans-serif; font-size: 14px;\">20-64</span><span style=\"color: rgb(64, 64, 64); font-size: 14px;\">岁）人群共有</span><span style=\"color: rgb(64, 64, 64); font-family: helvetica, sans-serif; font-size: 14px;\">520</span><span style=\"color: rgb(64, 64, 64); font-size: 14px;\">万（</span><span style=\"color: rgb(64, 64, 64); font-family: helvetica, sans-serif; font-size: 14px;\">31%</span><span style=\"color: rgb(64, 64, 64); font-size: 14px;\">）卒中患者。这些患者主要来自于低中等收入国家。</span></p><p style=\"margin-bottom: 0px; white-space: normal; color: rgb(51, 51, 51); font-family: Simsun; font-size: 12px; line-height: 25px; background: white;\"><span style=\"color: rgb(64, 64, 64); font-size: 14px;\">此外，纳入研究不同地区国家之间脑卒中疾病负担存在着明显差异，少则</span><span style=\"color: rgb(64, 64, 64); font-family: helvetica, sans-serif; font-size: 14px;\">3</span><span style=\"color: rgb(64, 64, 64); font-size: 14px;\">倍多达</span><span style=\"color: rgb(64, 64, 64); font-family: helvetica, sans-serif; font-size: 14px;\">10</span><span style=\"color: rgb(64, 64, 64); font-size: 14px;\">倍。</span></p><p style=\"margin-bottom: 0px; white-space: normal; color: rgb(51, 51, 51); font-family: Simsun; font-size: 12px; line-height: 25px; background: white;\"><span style=\"color: rgb(64, 64, 64); font-size: 14px;\">总之，研究者分析说虽然全球脑卒中年龄标准化卒中死亡率在过去二十年间已然下降，但是，每年卒中患者绝对数、卒中幸存者、死于卒中者以及全球卒中负担（减少的</span><span style=\"color: rgb(64, 64, 64); font-family: helvetica, sans-serif; font-size: 14px;\">DALYs</span><span style=\"color: rgb(64, 64, 64); font-size: 14px;\">）仍很庞大且不断增长。</span></p><p style=\"margin-bottom: 0px; white-space: normal; color: rgb(51, 51, 51); font-family: Simsun; font-size: 12px; line-height: 25px; background: white;\"><span style=\"color: rgb(64, 64, 64); font-size: 14px;\">此外，仍需后续研究进一步了解卒中决定因素以及不同收入国家间卒中负担不一致的原因。</span></p><p><br/></p>');
COMMIT;

-- ----------------------------
--  Table structure for `zx_model_page`
-- ----------------------------
DROP TABLE IF EXISTS `zx_model_page`;
CREATE TABLE `zx_model_page` (
  `id` int(11) unsigned NOT NULL AUTO_INCREMENT,
  `cid` int(11) DEFAULT NULL COMMENT 'category表id',
  `content` text COMMENT '内容',
  PRIMARY KEY (`id`)
) ENGINE=InnoDB AUTO_INCREMENT=6 DEFAULT CHARSET=utf8 COMMENT='单网页';

-- ----------------------------
--  Records of `zx_model_page`
-- ----------------------------
BEGIN;
INSERT INTO `zx_model_page` VALUES ('1', '11', '<p style=\"color: rgb(51, 51, 51);font-family: Simsun;font-size: 12px;white-space: normal;line-height: 30px;text-indent: 37px;background-color: rgb(255, 255, 255)\"><span style=\"line-height: 46.6666641235352px;font-family: 宋体;font-size: 19px\">山东省脑血管病防治协会（英文译名为：</span><span style=\"line-height: 46.6666641235352px;font-size: 19px\"><span style=\"font-family: &#39;\">Shandong Stroke Association</span></span><span style=\"line-height: 46.6666641235352px;font-family: 宋体;font-size: 19px\">，缩写：</span><span style=\"line-height: 46.6666641235352px;font-size: 19px\"><span style=\"font-family: &#39;\">SDSA</span></span><span style=\"line-height: 46.6666641235352px;font-family: 宋体;font-size: 19px\">），成立于2013年11月22日，</span><span style=\"line-height: 46.6666641235352px;font-family: 宋体;font-size: 19px\">是由山东省脑血管有关的临床、预防、康复、管理、科研工作者和企事业单位、社会团体、民办非企业单位自愿结成并依法在山东省民政厅登记的学术性、非营利性法人社会团体，是党和政府联系脑血管病工作者的桥梁和纽带，是发展山东省脑血管病防治科学技术的重要社会力量。</span></p><p style=\"color: rgb(51, 51, 51);font-family: Simsun;font-size: 12px;white-space: normal;line-height: 30px;text-indent: 37px;background-color: rgb(255, 255, 255)\"><span style=\"line-height: 46.6666641235352px;font-family: 宋体;font-size: 19px\">本会的名誉会长是山东大学齐鲁医院院长李新刚教授、吴承远教授担任，山东省著名神经外科专家庞琦教授、李刚教授、王志刚教授、袁绍纪教授、栾立明教授担任首席顾问专家，曾现伟担任会长，杜怡峰、王国栋、王东海、丁伟、王成伟、张国庆担任副会长。</span></p><p style=\"color: rgb(51, 51, 51);font-family: Simsun;font-size: 12px;white-space: normal;line-height: 30px;text-indent: 37px;background-color: rgb(255, 255, 255)\"><span style=\"line-height: 46.6666641235352px;font-family: 宋体;font-size: 19px\">本会宗旨是团结和动员全省广大脑血管病临床、预防、康复、管理、科研工作者及社会各界力量，遵守中华人民共和国宪法、法律、法规，贯彻国家科学技术和卫生工作方针、政策，崇尚医学道德，围绕国家、山东省科学技术研究重点和卫生中心工作，促进脑血管病防治知识的普及，开展治疗脑血管病的新技术的研究，促进脑血管病病人的康复，为提高全省人民健康服务。协会作为联系政府、医院与广大群众的桥梁，坚持为脑血管病的危险人群及脑血管病患者，提供健康咨询，信息技术，管理服务。</span></p><p style=\"color: rgb(51, 51, 51); font-family: Simsun; font-size: 12px; white-space: normal; line-height: 30px; text-indent: 37px; background-color: rgb(255, 255, 255);\">&nbsp;<span style=\"line-height: 46.6666641235352px;font-family: 宋体;font-size: 19px\">本团体接受社团登记管理机关山东省民政厅的监督管理和山东省卫生厅的业务指导。本会办事机构挂靠在潍坊医学院附属医院。</span></p>');
COMMIT;

-- ----------------------------
--  Table structure for `zx_model_pro`
-- ----------------------------
DROP TABLE IF EXISTS `zx_model_pro`;
CREATE TABLE `zx_model_pro` (
  `proid` int(11) unsigned NOT NULL AUTO_INCREMENT,
  `cid` int(11) DEFAULT NULL COMMENT 'content表id',
  `prono` varchar(255) DEFAULT NULL COMMENT '产品编号',
  `promode` varchar(255) DEFAULT NULL COMMENT '产品型号',
  `piclist` varchar(255) DEFAULT NULL COMMENT '图片列表',
  `content` text COMMENT '产品介绍',
  `introduction` text COMMENT '简介',
  PRIMARY KEY (`proid`)
) ENGINE=InnoDB DEFAULT CHARSET=utf8;

-- ----------------------------
--  Table structure for `zx_model_video`
-- ----------------------------
DROP TABLE IF EXISTS `zx_model_video`;
CREATE TABLE `zx_model_video` (
  `id` int(11) unsigned NOT NULL AUTO_INCREMENT,
  `cid` int(11) DEFAULT NULL COMMENT 'content表id',
  `videoid` int(11) DEFAULT NULL COMMENT '视频id',
  `content` text COMMENT '介绍',
  PRIMARY KEY (`id`)
) ENGINE=InnoDB DEFAULT CHARSET=utf8;

-- ----------------------------
--  View structure for `zx_view_category`
-- ----------------------------
DROP VIEW IF EXISTS `zx_view_category`;
CREATE ALGORITHM=UNDEFINED DEFINER=`root`@`localhost` SQL SECURITY DEFINER VIEW `zx_view_category` AS select `a`.`id` AS `id`,`a`.`pid` AS `pid`,`a`.`catename` AS `catename`,`a`.`catedir` AS `catedir`,`a`.`sonid` AS `sonid`,`a`.`ordnum` AS `ordnum`,`a`.`ismenu` AS `ismenu`,`a`.`catepicid` AS `catepicid`,`a`.`seotitle` AS `seotitle`,`a`.`catekey` AS `catekey`,`a`.`catedesc` AS `catedesc`,`a`.`cateurl` AS `cateurl`,`a`.`modelid` AS `modelid`,`a`.`pagenum` AS `pagenum`,`a`.`cate_list` AS `cate_list`,`a`.`cate_show` AS `cate_show`,`a`.`urlrule` AS `urlrule`,`a`.`domain` AS `domain`,`a`.`allowpost` AS `allowpost`,`b`.`modelname` AS `modelname`,`b`.`tablename` AS `tablename`,`b`.`modeldesc` AS `modeldesc`,`b`.`islock` AS `islock`,`b`.`list_temp` AS `list_temp`,`b`.`show_temp` AS `show_temp`,`b`.`admin_edit_temp` AS `admin_edit_temp` from (`zx_category` `a` left join `zx_model` `b` on((`a`.`modelid` = `b`.`id`)));

SET FOREIGN_KEY_CHECKS = 1;
